id,nama_wisata,kategori,kota,alamat,deskripsi,gambar,fitur,fitur_bersih,latitude,longitude,jam_buka,jam_tutup,rating,telepon,website,harga_tiket,sumber_data,tanggal_verifikasi,combined_text
2,Pantai Watu Ulo,Pantai,Jember,"Sumberrejo, Kec. Ambulu, Kabupaten Jember, Jawa Timur 68172","Pantai Watu Ulo, sebuah destinasi wisata pantai yang terletak di Sumberrejo, Kec. Ambulu, Kabupaten Jember, Jawa Timur, menawarkan pengalaman liburan yang tak terlupakan bagi para pengunjung. Lokasinya yang strategis, berada di kawasan pantai Jember, menjadikan Pantai Watu Ulo sebagai salah satu tujuan wisata favorit di daerah ini. Pantai yang terkenal dengan keindahan alamnya ini menawarkan pemandangan yang sangat menakjubkan, dengan ombak yang tenang dan pasir putih yang lembut.

Suasana di Pantai Watu Ulo sangat menenangkan, dengan suasana yang sejuk dan lembut. Pagi hari, pengunjung dapat menikmati pemandangan matahari terbit yang sangat indah, sementara sore hari, mereka dapat menikmati pemandangan matahari terbenam yang juga sangat spektakuler. Selain itu, pengunjung juga dapat menikmati keindahan alam lainnya, seperti pohon kelapa yang hijau dan lebat, serta gugusan batu karang yang menyerupai pulau kecil. Aktivitas yang bisa dilakukan di Pantai Watu Ulo sangat beragam, mulai dari berenang, bermain pasir, berjalan-jalan di tepi pantai, hingga berburu foto dengan pemandangan yang sangat menarik.

Selain itu, Pantai Watu Ulo juga menawarkan beberapa fasilitas yang sangat memadai, seperti tempat parkir yang luas, toilet dan shower yang bersih, serta warung makan yang menyajikan hidangan lokal yang lezat. Pengunjung juga dapat menikmati kegiatan snorkeling atau diving untuk melihat keindahan bawah laut, serta menikmati kegiatan olahraga air lainnya, seperti surfing atau kayak. Dengan segala keindahan alam dan fasilitas yang ditawarkan, Pantai Watu Ulo merupakan destinasi wisata pantai yang sangat wajib dikunjungi bagi para pengunjung yang ingin menikmati liburan yang tak terlupakan di Jawa Timur.",assets/images/2.png,"Pantai Watu Ulo Pantai Pantai Jember Sumberrejo, Kec. Ambulu, Kabupaten Jember, Jawa Timur 68172 Pantai Watu Ulo terkenal karena batu karang panjang yang menyerupai ular (watu = batu, ulo = ular) yang menjulur ke laut, menjadi ikon khas pantai ini. Terletak di pesisir selatan Jember, pantai ini menghadirkan perpaduan pasir gelap, laut yang biru kehijauan, serta latar bukit hijau. Selain berenang, pengunjung bisa menikmati suasana matahari terbit/terbenam, camping, dan wisata kuliner lokal di warung-warung pantai.",pantai watu ulo pantai pantai jember sumberrejo kec ambulu kabupaten jember jawa timur pantai watu ulo terkenal batu karang panjang menyerupai ular watu batu ulo ular menjulur laut menjadi ikon khas pantai terletak pesisir selatan jember pantai menghadirkan perpaduan pasir gelap laut biru kehijauan latar bukit hijau selain berenang pengunjung bisa menikmati suasana matahari terbit terbenam camping wisata kuliner lokal warung warung pantai,-8.3897,113.5786,Buka 24 jam,Buka 24 jam,[Unverified],[Unverified],[Unverified],Rp 10.000,"Google Maps, Traveloka",2026-07-20,Tidak ada data
56,Teluk Love,Rekreasi,Jember,"Jl. Ambulu - Watu Ulo, Sido Mulyo, Sumberrejo, Kec. Ambulu, Kabupaten Jember, Jawa Timur 68162","Teluk Love adalah destinasi wisata rekreasi yang terletak di Jl. Ambulu - Watu Ulo, Sido Mulyo, Sumberrejo, Kec. Ambulu, Kabupaten Jember, Jawa Timur 68162. Lokasinya yang strategis dan indah membuat Teluk Love menjadi salah satu tujuan wisata favorit di Jember. Destinasi wisata ini menawarkan keindahan alam yang luar biasa, dengan pantai yang berpasir putih dan air laut yang biru jernih.

Suasana di Teluk Love sangat tenang dan damai, cocok untuk Anda yang ingin menghilangkanstress dan menikmati keindahan alam. Pemandangan di sekitar Teluk Love sangatlah menakjubkan, dengan bukit-bukit hijau yang menjulang tinggi di sekeliling pantai. Di pagi hari, Anda dapat menikmati matahari terbit yang indah sambil menikmati udara segar yang bertiup dari laut. Sementara itu, di sore hari, Anda dapat menikmati keindahan matahari terbenam yang sangat indah. Selain itu, Teluk Love juga menawarkan berbagai aktivitas yang dapat Anda lakukan, seperti berenang, bermain pasir, berjalan-jalan di pantai, dan berfoto-foto dengan latar belakang keindahan alam yang ada di sekitar Teluk Love.

Selain keindahan alam dan suasana yang tenang, Teluk Love juga menawarkan berbagai fasilitas yang dapat memanjakan Anda. Fasilitas yang tersedia di Teluk Love antara lain, warung makan, toilet, dan tempat parkir yang luas. Selain itu, Teluk Love juga menawarkan berbagai paket wisata yang dapat Anda pilih, seperti paket wisata romantis, paket wisata keluarga, dan paket wisata untuk grup. Dengan demikian, Anda dapat menikmati keindahan alam Teluk Love dengan nyaman dan aman.",https://numbness-afterglow-parade.ngrok-free.dev/images/1785844406.934531_teluk_(1).jpg,Teluk Love Rekreasi Jember,teluk love rekreasi jember,-8.3974,113.5658,06:00,17:00,[Unverified],[Unverified],[Unverified],0,Google Maps,2026-07-20,"Teluk Love Rekreasi Teluk Love adalah spot wisata ikonik di kawasan Pantai Payangan, Jember, yang terkenal karena garis pantainya yang secara alami membentuk simbol hati (Love) jika dilihat dari ketinggian."
1,Puncak Rembangan Resort,Rekreasi,Jember,"Darungan, Kemuning Lor, Kec. Arjasa, Kabupaten Jember, Jawa Timur","Puncak Rembangan Resort merupakan destinasi wisata rekreasi yang menawarkan pengalaman liburan yang tak terlupakan di Jawa Timur. Terletak di Darungan, Kemuning Lor, Kec. Arjasa, Kabupaten Jember, lokasi ini menawarkan pemandangan alam yang indah dan suasana yang tenang. Dengan luas areal yang sangat luas dan dilengkapi dengan fasilitas yangmodern, Puncak Rembangan Resort siap memanjakan Anda dengan pengalaman liburan yang tak terlupakan.

Dengan ketinggian yang mencapai 800 meter di atas permukaan laut, Puncak Rembangan Resort menawarkan pemandangan alam yang sangat indah dan menakjubkan. Anda dapat menikmati pemandangan hutan hujan yang hijau, bukit-bukit yang menantang, dan keindahan Gunung Ijen yang mengesankan. Selain itu, lokasi ini juga menawarkan suasana yang tenang dan damai, membuat Anda merasa nyaman dan santai. Di sini, Anda dapat melakukan berbagai aktivitas seperti hiking, bersepeda, dan berjalan-jalan menyusuri hutan. Selain itu, Anda juga dapat menikmati fasilitas rekreasi seperti kolam renang, taman bermain, dan pusat kebugaran.

Puncak Rembangan Resort juga menawarkan berbagai fasilitas yang lengkap untuk memenuhi kebutuhan Anda. Fasilitas ini mencakup akomodasi yang nyaman, restoran yang menyajikan hidangan lezat, dan pusat rekreasi yang menyajikan berbagai aktivitas. Selain itu, lokasi ini juga menawarkan paket wisata yang dapat Anda pilih sesuai dengan kebutuhan dan budget Anda. Dengan demikian, Puncak Rembangan Resort menjadi destinasi wisata rekreasi yang sangat cocok untuk Anda yang mencari pengalaman liburan yang tak terlupakan di Jawa Timur.",assets/images/1.png,"Puncak Rembangan Resort Rekreasi Rekreasi Jember Darungan, Kemuning Lor, Kec. Arjasa, Kabupaten Jember, Jawa Timur Puncak Rembangan adalah destinasi wisata pegunungan di Jember yang menawarkan udara sejuk, panorama alam nan memesona, serta fasilitas lengkap seperti kolam renang, area bermain, camping ground, dan kebun buah (termasuk kebun naga). Lokasi di ketinggian sekitar 600–650 m dpl memungkinkan pengunjung menikmati pemandangan alam dan cahaya kota di malam hari. Cocok untuk healing, liburan keluarga, maupun piknik romantis.",puncak rembangan resort rekreasi rekreasi jember darungan kemuning lor kec arjasa kabupaten jember jawa timur puncak rembangan destinasi wisata pegunungan jember menawarkan udara sejuk panorama alam nan memesona fasilitas lengkap kolam renang area bermain camping ground kebun buah termasuk kebun naga lokasi ketinggian sekitar dpl memungkinkan pengunjung menikmati pemandangan alam cahaya kota malam hari cocok healing liburan keluarga maupun piknik romantis,-8.0933,113.6823,08:00,16:00,[Unverified],[Unverified],[Unverified],Rp 15.000,"Google Maps, Situs Resmi Pariwisata",2026-07-20,Tidak ada data
3,Puslit Kopi & Kakao Indonesia,Agrowisata,Jember,"Puslitkoka Renteng, Gebang, Nogosari, Kec. Rambipuji, Kabupaten Jember, Jawa Timur 68175","Puslit Kopi & Kakao Indonesia di Jember adalah sebuah destinasi wisata agrowisata yang menawarkan pengalaman unik dan edukatif bagi pengunjung. Terletak di Puslitkoka Renteng, Gebang, Nogosari, Kec. Rambipuji, Kabupaten Jember, Jawa Timur, tempat ini merupakan pusat penelitian dan pengembangan kopi dan kakao yang terintegrasi dengan kegiatan wisata. 

Di Puslit Kopi & Kakao Indonesia, pengunjung dapat menikmati suasana alam yang sejuk dan asri, dengan pemandangan hutan kopi dan kakao yang luas. Mereka dapat melihat langsung proses pengolahan kopi dan kakao dari biji hingga menjadi produk akhir. Selain itu, pengunjung juga dapat mengikuti berbagai aktivitas menarik, seperti berjalan-jalan di taman kopi dan kakao, mengunjungi laboratorium penelitian, dan bahkan mengikuti workshop pembuatan kopi dan kakao. Puslit Kopi & Kakao Indonesia juga menawarkan fasilitas yang lengkap, seperti restoran, toko souvenir, dan area parkir yang luas.

Pengunjung juga dapat mengikuti berbagai program edukatif dan pelatihan yang disediakan oleh pusat penelitian ini. Mereka dapat belajar tentang cara mengenal dan membedakan jenis-jenis kopi dan kakao, serta cara memasak dan mengolah produk-produk kopi dan kakao. Selain itu, pengunjung juga dapat mengikuti program ""Hari Kopi dan Kakao"" yang menawarkan berbagai kegiatan menarik, seperti kompetisi kopi dan kakao, konser musik, dan pameran produk-produk kopi dan kakao. Dengan demikian, Puslit Kopi & Kakao Indonesia menjadi destinasi wisata agrowisata yang sangat menarik dan edukatif bagi pengunjung dari berbagai kalangan.",assets/images/3.png,"Puslit Kopi & Kakao Indonesia Agrowisata Agrowisata Jember Puslitkoka Renteng, Gebang, Nogosari, Kec. Rambipuji, Kabupaten Jember, Jawa Timur 68175 Pusat Penelitian Kopi dan Kakao (Puslitkoka) ini adalah objek agrowisata di Jember yang memungkinkan pengunjung belajar langsung siklus budidaya kopi dan kakao — mulai dari biji, pemeliharaan tanaman, proses fermentasi, hingga pasca panen. Ada area kebun, jalur edukasi, serta demo proses pengolahan kopi lokal khas Jember.",puslit kopi kakao indonesia agrowisata agrowisata jember puslitkoka renteng gebang nogosari kec rambipuji kabupaten jember jawa timur pusat penelitian kopi kakao puslitkoka objek agrowisata jember memungkinkan pengunjung belajar langsung siklus budidaya kopi kakao mulai biji pemeliharaan tanaman proses fermentasi hingga pasca panen area kebun jalur edukasi demo proses pengolahan kopi lokal khas jember,-8.2341,113.619,08:00,15:00,[Unverified],[Unverified],[Unverified],Rp 20.000,"Google Maps, Situs Resmi Puslitkoka",2026-07-20,Tidak ada data
4,Bin Cigar,Edukasi,Jember,"Jl. Brawijaya No.3, Krajan, Jubung, Kec. Sukorambi, Kabupaten Jember, Jawa Timur 68151","Bin Cigar adalah sebuah destinasi wisata edukasi yang terletak di Jl. Brawijaya No.3, Krajan, Jubung, Kec. Sukorambi, Kabupaten Jember, Jawa Timur 68151. Tempat ini menawarkan pengalaman yang unik dan menarik bagi pengunjung, terutama bagi mereka yang tertarik dengan sejarah dan budaya Jawa. Bin Cigar dipilih sebagai salah satu destinasi wisata edukasi karena memiliki koleksi barang-barang kuno dan bersejarah yang sangat lengkap dan autentik.

Suasana di Bin Cigar sangat nyaman dan tenang, dengan suasana yang sejuk dan teduh. Tempat ini memiliki ruang yang luas dan nyaman untuk berjalan-jalan dan menikmati koleksi barang-barang kuno yang dipamerkan. Pemandangan di sekitar Bin Cigar juga sangat indah, dengan pemandangan alam yang hijau dan rindang. Pengunjung dapat menikmati pemandangan alam tersebut dari jendela-jendela yang dibuat khusus untuk melihat ke luar. Aktivitas yang bisa dilakukan di Bin Cigar antara lain menonton film dokumenter tentang sejarah dan budaya Jawa, mengunjungi ruang pameran yang dipenuhi dengan koleksi barang-barang kuno, dan berpartisipasi dalam kegiatan edukasi yang diselenggarakan oleh tim Bin Cigar. Selain itu, pengunjung juga dapat menikmati hidangan tradisional Jawa yang lezat dan segar di restoran yang terletak di dalam kompleks Bin Cigar.

Bin Cigar juga menjadi salah satu destinasi wisata edukasi yang sangat populer di Jember karena memiliki koleksi barang-barang kuno yang sangat lengkap dan autentik. Koleksi barang-barang kuno tersebut meliputi senjata, perhiasan, dan benda-benda lainnya yang memiliki nilai sejarah dan budaya yang sangat tinggi. Dengan demikian, Bin Cigar menjadi salah satu destinasi wisata edukasi yang wajib dikunjungi bagi mereka yang tertarik dengan sejarah dan budaya Jawa.",assets/images/4.png,"Bin Cigar Edukasi Edukasi Jember Jl. Brawijaya No.3, Krajan, Jubung, Kec. Sukorambi, Kabupaten Jember, Jawa Timur 68151 Bin Cigar adalah tempat edukasi/museum rokok/cigar (tergantung spesifikasi lokal) yang memperlihatkan sejarah industri tembakau di Jember, teknik pengolahan tembakau, ragam produk cigar, dan literatur terkait. Pengunjung dapat mengenal lebih jauh warisan budaya tembakau yang pernah menjadi sektor penting di daerah ini.",bin cigar edukasi edukasi jember jl brawijaya no krajan jubung kec sukorambi kabupaten jember jawa timur bin cigar tempat edukasi museum rokok cigar tergantung spesifikasi lokal memperlihatkan sejarah industri tembakau jember teknik pengolahan tembakau ragam produk cigar literatur terkait pengunjung mengenal lebih jauh warisan budaya tembakau pernah menjadi sektor penting daerah,-8.1755,113.6705,08:00,16:00,[Unverified],[Unverified],[Unverified],[Unverified],Google Maps,2026-07-20,Tidak ada data
5,Makam Habib Soleh Tanggul,Religi,Jember,"Krajan, Tanggul Kulon, Kec. Tanggul, Kabupaten Jember, Jawa Timur 68155","Makam Habib Soleh Tanggul merupakan salah satu destinasi wisata religi yang sangat populer di Jawa Timur, terletak di Krajan, Tanggul Kulon, Kec. Tanggul, Kabupaten Jember, Jawa Timur 68155. Makam yang merupakan tempat peristirahatan terakhir bagi Habib Soleh Tanggul, seorang ulama yang sangat dihormati dan kharismatik di kalangan masyarakat Jember, menawarkan pengalaman spiritual yang sangat mendalam dan mengesankan bagi para pengunjung. Suasana yang tenang dan damai di sekitar makam membuat pengunjung merasa lebih dekat dengan Tuhan dan dapat merasakan kehadiran spiritual yang sangat kuat.

Dari luar, makam ini menampakkan bangunan yang sederhana namun megah, dengan arsitektur khas Jawa yang unik dan menarik. Di dalam kompleks makam, pengunjung dapat melihat bangunan-bangunan kecil yang digunakan sebagai tempat ibadah dan tempat-tempat lainnya yang digunakan untuk kegiatan-kegiatan spiritual. Pada hari-hari tertentu, pengunjung juga dapat melihat kegiatan-kegiatan ritual yang dilakukan oleh para pengikut Habib Soleh Tanggul, seperti shalat, doa, dan kegiatan-kegiatan lainnya yang terkait dengan kegiatan spiritual. Di sekitar makam, pengunjung juga dapat menikmati pemandangan yang sangat indah, dengan pohon-pohon rindang dan tanaman-tanaman yang hijau dan segar. Selain itu, pengunjung juga dapat menikmati kegiatan-kegiatan lainnya seperti berkunjung ke tempat-tempat sekitar, seperti kios-kios dan warung-warung yang menjual makanan dan minuman. Aktivitas lainnya yang dapat dilakukan di sini adalah berziarah ke makam Habib Soleh Tanggul, berdoa, dan bermeditasi untuk menenangkan pikiran dan meningkatkan kepekaan spiritual.",assets/images/5.png,"Makam Habib Soleh Tanggul Religi Religi Jember Krajan, Tanggul Kulon, Kec. Tanggul, Kabupaten Jember, Jawa Timur 68155 Makam Habib Soleh Tanggul adalah situs religi dan ziarah di Jember, tempat peristirahatan ulama besar yang dihormati masyarakat setempat. Selain sebagai tempat ibadah dan refleksi spiritual, kawasan ini sering digunakan untuk kegiatan keagamaan, ziarah massa, dan mempelajari warisan dakwah lokal.",makam habib soleh tanggul religi religi jember krajan tanggul kulon kec tanggul kabupaten jember jawa timur makam habib soleh tanggul situs religi ziarah jember tempat peristirahatan ulama besar dihormati masyarakat setempat selain sebagai tempat ibadah refleksi spiritual kawasan sering digunakan kegiatan keagamaan ziarah massa mempelajari warisan dakwah lokal,-8.1634,113.4547,Buka 24 jam,Buka 24 jam,[Unverified],[Unverified],[Unverified],Rp 0,Google Maps,2026-07-20,Tidak ada data
6,Desa Wisata Sidomulyo,Rural Tourism,Jember,"Dusun Krajan RT.01/RW.01, Dusun Krajan, Sidomulyo, Kec. Silo, Kabupaten Jember, Jawa Timur 68118","Terletak di Jawa Timur, Desa Wisata Sidomulyo menawarkan pengalaman wisata yang unik dan menyegarkan di tengah hutan lebat dan sawah hijau. Dengan lokasinya yang terletak di Dusun Krajan, Kecamatan Silo, Kabupaten Jember, desa ini menjadi salah satu destinasi wisata rural yang paling populer di Jawa Timur. Desa Wisata Sidomulyo menawarkan suasana yang tenang dan damai, di mana pengunjung dapat menikmati keindahan alam dan merasakan kehidupan petani di pedesaan yang masih tradisional.

Pemandangan alam di Desa Wisata Sidomulyo sangatlah indah, dengan hutan lebat yang hijau dan sawah yang luas. Pengunjung dapat menikmati keindahan alam ini dengan berjalan-jalan di sepanjang jalan desa yang lebar dan berliku. Selain itu, desa ini juga menawarkan berbagai aktivitas yang dapat dilakukan, seperti bersepeda, berjalan kaki, atau bahkan berlari di sepanjang jalan desa. Pengunjung juga dapat menikmati keanekaragaman hayati di desa ini dengan mengunjungi kebun raya atau kebun buah-buahan. Desa Wisata Sidomulyo juga menawarkan pengalaman wisata budaya yang unik, dengan pengunjung dapat melihat langsung kehidupan petani di pedesaan yang masih tradisional.

Pengunjung dapat menikmati berbagai fasilitas yang tersedia di Desa Wisata Sidomulyo, seperti penginapan, restoran, dan toko-toko kecil yang menjual produk-produk lokal. Desa ini juga menawarkan berbagai acara wisata yang dapat dinikmati, seperti festival musik, festival makanan, atau bahkan festival budaya. Dengan demikian, Desa Wisata Sidomulyo menjadi salah satu destinasi wisata yang paling populer di Jawa Timur, dan merupakan pilihan yang tepat bagi mereka yang ingin menikmati keindahan alam dan kehidupan petani di pedesaan yang masih tradisional.",assets/images/6.png,"Desa Wisata Sidomulyo Rural Tourism Rural Tourism Jember Dusun Krajan RT.01/RW.01, Dusun Krajan, Sidomulyo, Kec. Silo, Kabupaten Jember, Jawa Timur 68118 Desa Wisata Sidomulyo menawarkan pengalaman kehidupan pedesaan Jawa secara autentik — mulai dari interaksi dengan aktivitas pertanian, rumah tradisional, seni dan budaya lokal, hingga suasana tenang alam pedesaan. Cocok bagi wisatawan yang ingin merasakan ketenangan, belajar budaya, dan menikmati alam pedesaan.",desa wisata sidomulyo rural tourism rural tourism jember dusun krajan rt rw dusun krajan sidomulyo kec silo kabupaten jember jawa timur desa wisata sidomulyo menawarkan pengalaman kehidupan pedesaan jawa secara autentik mulai interaksi aktivitas pertanian rumah tradisional seni budaya lokal hingga suasana tenang alam pedesaan cocok wisatawan ingin merasakan ketenangan belajar budaya menikmati alam pedesaan,-8.1256,113.8471,08:00,16:00,[Unverified],[Unverified],[Unverified],Rp 5.000,Google Maps,2026-07-20,Tidak ada data
7,Gunung Gambir,Agrowisata,Jember,"Lanasan RT 03, RW.023, Gelang, Kec. Sumberbaru, Kabupaten Jember, Jawa Timur 68156","Gunung Gambir, sebuah destinasi wisata agrowisata yang terletak di Lanasan, RT 03, RW.023, Gelang, Kec. Sumberbaru, Kabupaten Jember, Jawa Timur 68156, menawarkan pengalaman yang unik dan menyenangkan bagi pengunjung. Terletak di kawasan pedesaan yang tenang dan hijau, Gunung Gambir menawarkan suasana yang nyaman dan damai, membuat pengunjung merasa jauh dari kebisingan kota.

Di sini, pengunjung dapat menikmati pemandangan alam yang indah, dengan sawah-sawah dan perkebunan yang luas. Keindahan alam ini semakin terlihat dengan adanya Gunung Gambir, sebuah gunung kecil yang menjulang tinggi, menambah keindahan pemandangan alam sekitar. Selain itu, pengunjung juga dapat menikmati berbagai aktivitas yang menarik, seperti berjalan-jalan di sekitar kebun, mengunjungi peternakan sapi dan kerbau, serta mencoba berbagai produk hasil pertanian seperti buah-buahan dan sayuran. Untuk mereka yang ingin menghabiskan waktu di luar ruangan, dapat menikmati kegiatan seperti bersepeda, bermain panahan, atau bahkan berkuda. Untuk mereka yang lebih suka kegiatan indoor, dapat menikmati kegiatan seperti membuat kerajinan tangan dari bahan-bahan alami, seperti kayu, bambu, atau anyaman.

Gunung Gambir juga menawarkan pengunjung kesempatan untuk mengenal lebih dekat tentang kehidupan petani dan peternak lokal. Dengan mengunjungi kebun dan peternakan, pengunjung dapat melihat langsung bagaimana proses panen dan pengolahan hasil pertanian dilakukan. Selain itu, pengunjung juga dapat mencoba berbagai hidangan lokal yang terbuat dari bahan-bahan segar dan alami, seperti sayur-sayuran, buah-buahan, dan daging sapi atau kerbau. Dengan demikian, pengunjung dapat merasakan secara langsung kehidupan petani dan peternak lokal, serta menikmati keindahan alam yang masih terjaga di kawasan ini.",assets/images/7.png,"Gunung Gambir Agrowisata Agrowisata Jember Lanasan RT 03, RW.023, Gelang, Kec. Sumberbaru, Kabupaten Jember, Jawa Timur 68156 Gunung Gambir adalah objek agrowisata dan alam di Jember di mana pengunjung bisa trekking ringan, menikmati udara segar, serta melihat panorama alam dari puncak. Daerah ini juga bisa menjadi lokasi edukasi tanaman, konservasi alam, atau piknik alam terbuka.",gunung gambir agrowisata agrowisata jember lanasan rt rw gelang kec sumberbaru kabupaten jember jawa timur gunung gambir objek agrowisata alam jember mana pengunjung bisa trekking ringan menikmati udara segar melihat panorama alam puncak daerah bisa menjadi lokasi edukasi tanaman konservasi alam piknik alam terbuka,-8.0156,113.4372,07:00,16:00,[Unverified],[Unverified],[Unverified],Rp 10.000,Google Maps,2026-07-20,Tidak ada data
8,Pemandian Kebon Agung,Rekreasi,Jember,"Gebang Taman, Kb. Agung, Kec. Kaliwates, Kabupaten Jember, Jawa Timur 68131","Pemandian Kebon Agung merupakan salah satu destinasi wisata rekreasi yang menawarkan pengalaman liburan yang unik dan menyegarkan di Jember, Jawa Timur. Terletak di Gebang Taman, Kb. Agung, Kec. Kaliwates, Kabupaten Jember, 68131, tempat ini menawarkan suasana yang sejuk dan asri, dengan pemandangan hutan yang hijau dan aliran air yang jernih. Pemandian Kebon Agung didesain untuk menyediakan fasilitas yang lengkap dan nyaman bagi pengunjung, sehingga mereka dapat menikmati liburan dengan tenang dan nyaman.

Suasana di Pemandian Kebon Agung sangat menenangkan, dengan udara yang segar dan suara air yang mengalir. Pengunjung dapat menikmati pemandangan hutan yang hijau dan aliran air yang jernih, yang membuat mereka merasa lebih dekat dengan alam. Selain itu, tempat ini juga menawarkan berbagai fasilitas yang lengkap, seperti kolam renang, waterboom, dan fasilitas outbound. Pengunjung dapat menikmati aktivitas air seperti berenang, bermain air, dan berwisata air, serta aktivitas outbound seperti hiking, camping, dan bermain paintball. Selain itu, pengunjung juga dapat menikmati berbagai macam kuliner yang lezat dan segar, seperti makanan khas Jember dan minuman segar.

Pemandian Kebon Agung juga menawarkan berbagai kegiatan yang dapat dilakukan oleh pengunjung, seperti: - Berenang dan bermain air di kolam renang dan waterboom - Berwisata air di aliran air yang jernih - Hiking dan camping di hutan yang hijau - Bermain paintball dan outbound - Menikmati kuliner khas Jember dan minuman segar - Mengunjungi tempat-tempat wisata lainnya di sekitar Pemandian Kebon Agung. Dengan fasilitas yang lengkap dan kegiatan yang menarik, Pemandian Kebon Agung merupakan tempat wisata rekreasi yang sangat cocok untuk dikunjungi.",assets/images/8.png,"Pemandian Kebon Agung Rekreasi Rekreasi Jember Gebang Taman, Kb. Agung, Kec. Kaliwates, Kabupaten Jember, Jawa Timur 68131 Pemandian Kebon Agung adalah tempat rekreasi air di tengah kota Jember, dengan kolam alami atau buatan yang dikelilingi pepohonan dan area hijau. Cocok untuk refreshing keluarga dan melepas penat di tengah suasana alam kota.",pemandian kebon agung rekreasi rekreasi jember gebang taman kb agung kec kaliwates kabupaten jember jawa timur pemandian kebon agung tempat rekreasi air tengah kota jember kolam alami buatan dikelilingi pepohonan area hijau cocok refreshing keluarga melepas penat tengah suasana alam kota,-8.1565,113.693,07:00,17:00,[Unverified],[Unverified],[Unverified],Rp 10.000,Google Maps,2026-07-20,Tidak ada data
9,Pantai Pancer,Pantai,Jember,"Manderan II, Puger Kulon, Kec. Puger, Kabupaten Jember, Jawa Timur 68164","Pantai Pancer di Jember, Jawa Timur, adalah salah satu destinasi wisata pantai yang paling populer dan menarik di daerah tersebut. Terletak di Manderan II, Puger Kulon, Kecamatan Puger, Kabupaten Jember, pantai ini menawarkan pemandangan alam yang indah dan suasana yang tenang. Dengan pasir putih yang halus dan air laut yang jernih, Pantai Pancer merupakan tempat yang sempurna untuk menghabiskan waktu bersama keluarga atau teman-teman.

Pantai Pancer menawarkan berbagai aktivitas yang dapat dilakukan, salah satunya adalah berenang dan bermain air. Dengan ombak yang lembut, pantai ini sangat cocok untuk berenang dan bermain air dengan anak-anak. Selain itu, pantai ini juga menawarkan kegiatan seperti bersepeda, berlari, atau sekedar duduk-duduk menikmati pemandangan laut. Jika Anda ingin mencari pengalaman yang lebih menantang, Anda dapat mencoba berenang ke gundukan batu karang yang ada di sekitar pantai. Pemandangan di sekitar pantai juga sangat indah, dengan bukit-bukit hijau yang menutupi pantai dan langit biru yang terlihat sangat anggun.

Di sekitar pantai, Anda dapat menemukan berbagai fasilitas yang dapat memuaskan kebutuhan wisata Anda. Fasilitas seperti warung makan, toilet, dan tempat parkir yang luas dapat ditemukan di sekitar pantai. Selain itu, Anda juga dapat menemukan tempat-tempat penginapan atau homestay yang dapat menjadi pilihan untuk menginap. Jika Anda ingin mencari pengalaman yang lebih unik, Anda dapat mencoba berbagai hidangan laut yang dapat ditemukan di sekitar pantai, seperti ikan bakar atau udang rebus. Dengan demikian, Pantai Pancer menjadi destinasi wisata yang sempurna untuk menghabiskan waktu bersama keluarga atau teman-teman.",assets/images/9.png,"Pantai Pancer Pantai Pantai Jember Manderan II, Puger Kulon, Kec. Puger, Kabupaten Jember, Jawa Timur 68164 Pantai Pancer merupakan pantai tenang di Jember dengan kombinasi pasir dan formasi batu, pemandangan laut lepas, serta suasana yang lebih sepi dibandingkan pantai populer, ideal untuk berjalan santai, memancing, menyaksikan sunrise/sunset, atau menikmati suasana pantai yang damai.",pantai pancer pantai pantai jember manderan ii puger kulon kec puger kabupaten jember jawa timur pantai pancer merupakan pantai tenang jember kombinasi pasir formasi batu pemandangan laut lepas suasana lebih sepi dibandingkan pantai populer ideal berjalan santai memancing menyaksikan sunrise sunset menikmati suasana pantai damai,-8.3842,113.3855,Buka 24 jam,Buka 24 jam,[Unverified],[Unverified],[Unverified],Rp 10.000,Google Maps,2026-07-20,Tidak ada data
10,Jember Mini Zoo,Rekreasi,Jember,"Jl. Brawijaya, Komplek RedjoAgung, Tanjung, Mangli, Kaliwates, Jember Regency, East Java 68131","Jember Mini Zoo, sebuah destinasi wisata rekreasi yang menarik dan informatif terletak di Jl. Brawijaya, Komplek RedjoAgung, Tanjung, Mangli, Kaliwates, Jember Regency, East Java 68131. Lokasinya yang strategis membuat Jember Mini Zoo menjadi salah satu tujuan wisata favorit di Jember. Terletak di atas ketinggian yang tidak terlalu tinggi, keindahan alam sekitar yang hijau dan sejuk akan membuat Anda merasa nyaman dan tenang di sini.

Suasana di Jember Mini Zoo sangat menyenangkan, karena Anda dapat berinteraksi dengan berbagai jenis hewan, mulai dari mamalia, burung, hingga reptil. Anda dapat melihat secara langsung bagaimana hewan-hewan itu berinteraksi dan bergerak dengan bebas di dalam kandang-kandang yang luas dan nyaman. Selain itu, Anda juga dapat menikmati pemandangan sekitar yang hijau dan lembab, seperti kebun-kebun yang terletak di sekitar kompleks wisata. Anda dapat berjalan-jalan di sekitar kebun, mengambil gambar-gambar hewan, dan menikmati udara yang segar dan sejuk. Selain itu, Anda juga dapat mengikuti berbagai aktivitas yang tersedia di sini, seperti pertunjukan hewan, pelatihan hewan, dan bahkan pengobatan hewan yang dilakukan oleh para profesional.

Di Jember Mini Zoo, Anda juga dapat menikmati berbagai fasilitas yang tersedia, seperti restoran, kafe, dan toko-toko kecil yang menjual berbagai jenis makanan dan souvenir. Anda dapat menikmati hidangan makanan yang lezat dan menarik di restoran atau kafe, atau membeli souvenir untuk membawa pulang sebagai kenang-kenangan. Selain itu, Anda juga dapat mengikuti berbagai program edukasi yang tersedia, seperti pelatihan hewan, pengobatan hewan, dan bahkan pelatihan untuk menjadi sukarelawan yang membantu menjaga keseimbangan alam. Jember Mini Zoo adalah destinasi wisata yang sangat layak untuk dikunjungi, karena menawarkan kombinasi keindahan alam, interaksi dengan hewan, dan berbagai fasilitas yang menarik.",assets/images/10.png,"Jember Mini Zoo Rekreasi Rekreasi Jember Jl. Brawijaya, Komplek RedjoAgung, Tanjung, Mangli, Kaliwates, Jember Regency, East Java 68131 Jember Mini Zoo adalah kebun binatang skala kecil di kawasan kota Jember yang menampilkan koleksi hewan lokal dan domestik. Tempat ini cocok sebagai destinasi edukasi anak-anak, rekreasi keluarga, dan interaksi langsung dengan satwa ringan.",jember mini zoo rekreasi rekreasi jember jl brawijaya komplek redjoagung tanjung mangli kaliwates jember regency east java jember mini zoo kebun binatang skala kecil kawasan kota jember menampilkan koleksi hewan lokal domestik tempat cocok sebagai destinasi edukasi anak anak rekreasi keluarga interaksi langsung satwa ringan,-8.1963,113.6558,08:00,16:00,[Unverified],[Unverified],[Unverified],Rp 25.000,Situs Resmi Jember Mini Zoo,2026-07-20,Tidak ada data
11,Rimba Camp,Rekreasi,Jember,"Area Pegunungan Argop, Suci, Kec. Panti, Kabupaten Jember, Jawa Timur 68153","Rimba Camp, sebuah destinasi wisata rekreasi yang terletak di Area Pegunungan Argop, Suci, Kec. Panti, Kabupaten Jember, Jawa Timur 68153, menawarkan pengalaman liburan yang unik dan menyenangkan bagi pengunjung. Lokasinya yang berada di tengah-tengah hutan lembah pegunungan membuat Rimba Camp menjadi sebuah surganya bagi mereka yang mencari ketenangan dan koneksi dengan alam. Dengan suasana yang sejuk dan teduh, pengunjung dapat menikmati keindahan alam yang masih asli dan alami.

Di Rimba Camp, pengunjung dapat menikmati pemandangan yang indah dan menakjubkan. Mereka dapat melihat langsung keindahan alam pegunungan, termasuk gunung-gunung yang menjulang tinggi, lembah lembah yang hijau, dan sungai-sungai yang mengalir dengan tenang. Selain itu, pengunjung juga dapat menikmati keanekaragaman hayati yang ada di Rimba Camp, termasuk berbagai jenis tanaman, burung-burung, dan hewan-hewan liar yang hidup di sana. Aktivitas yang dapat dilakukan di sini antara lain hiking, trekking, camping, dan berbagai kegiatan outdoor lainnya. Pengunjung juga dapat menikmati fasilitas yang ada di Rimba Camp, seperti pusat kuda, pusat kebugaran, dan pusat kuliner yang menyajikan makanan khas daerah Jember.

Rimba Camp juga menawarkan pengalaman liburan yang lebih menyenangkan bagi pengunjung. Mereka dapat menikmati kegiatan-kegiatan seperti pelatihan kebugaran, pelatihan survival, dan pelatihan kealiran. Selain itu, pengunjung juga dapat menikmati fasilitas-fasilitas yang ada di Rimba Camp, seperti kolam renang, spa, dan pusat kebugaran. Terakhir, Rimba Camp juga menawarkan pengalaman liburan yang lebih berkesan bagi pengunjung dengan menyediakan fasilitas-fasilitas seperti ruang pertemuan, ruang kuliner, dan fasilitas-fasilitas lainnya. Dengan demikian, Rimba Camp menjadi sebuah destinasi wisata rekreasi yang ideal bagi mereka yang mencari pengalaman liburan yang unik dan menyenangkan.",assets/images/11.png,"Rimba Camp Rekreasi Rekreasi Jember Area Pegunungan Argop, Suci, Kec. Panti, Kabupaten Jember, Jawa Timur 68153 Rimba Camp adalah area camping dan wisata alam di ketinggian pegunungan di Jember, dengan fasilitas dasar seperti tenda, api unggun, jalur trekking, dan pemandangan hutan yang alami. Cocok untuk petualangan alam, perkemahan keluarga, atau kegiatan komunitas.",rimba camp rekreasi rekreasi jember area pegunungan argop suci kec panti kabupaten jember jawa timur rimba camp area camping wisata alam ketinggian pegunungan jember fasilitas dasar tenda api unggun jalur trekking pemandangan hutan alami cocok petualangan alam perkemahan keluarga kegiatan komunitas,[Unverified],[Unverified],[Unverified],[Unverified],[Unverified],[Unverified],[Unverified],[Unverified],[Unverified],2026-07-20,Tidak ada data
12,Pantai Papuma,Pantai,Jember,"Jl. Raya Lojejer, Area Kebun, Lojejer, Kec. Wuluhan, Kabupaten Jember, Jawa Timur 68162","Pantai Papuma adalah salah satu destinasi wisata pantai yang terletak di Jember, Jawa Timur. Lokasinya yang strategis dan dekat dengan kota Jember membuat pantai ini menjadi salah satu pilihan favorit wisatawan. Pantai Papuma memiliki daya tarik utama yang sangat kuat, yaitu keindahan alamnya yang masih terjaga dan belum terjamah oleh kegiatan pariwisata massal. Pantai ini terletak di antara dua bukit yang menjulang tinggi, sehingga memberikan pemandangan yang sangat menakjubkan.

Suasana di Pantai Papuma sangat damai dan tenang, membuat wisatawan merasa nyaman dan rileks. Pasir putih yang halus dan bersih, air laut yang jernih dan biru, serta ombak yang tenang membuat pantai ini menjadi destinasi wisata yang ideal untuk menikmati liburan. Pada pagi hari, wisatawan dapat menyaksikan matahari terbit dari atas bukit, sementara pada sore hari, mereka dapat menikmati keindahan sunset yang sangat indah. Selain itu, pantai ini juga menawarkan berbagai aktivitas yang dapat dinikmati oleh wisatawan, seperti berenang, bermain voli pantai, bersepeda sepanjang pantai, dan menikmati makanan laut segar.

Aktivitas lain yang dapat dilakukan di Pantai Papuma adalah snorkeling dan diving. Pantai ini memiliki ekosistem laut yang sangat kaya, sehingga wisatawan dapat menyaksikan berbagai jenis ikan dan biota laut lainnya. Selain itu, pantai ini juga menawarkan fasilitas yang lengkap, seperti warung makan, toilet, dan tempat parkir yang luas. Jika Anda ingin menikmati liburan yang lebih menyenangkan, Anda dapat menginap di salah satu penginapan atau hotel yang terletak di dekat pantai. Dengan demikian, Anda dapat menikmati keindahan Pantai Papuma dengan lebih leluasa dan nyaman.",assets/images/12.png,"Pantai Papuma Pantai Pantai Jember Jl. Raya Lojejer, Area Kebun, Lojejer, Kec. Wuluhan, Kabupaten Jember, Jawa Timur 68162 Pantai Papuma (Pasir Putih Malikan) adalah pantai populer di Jember dengan pasir putih, tebing karang, dan panorama laut yang luas. Pengunjung bisa melakukan snorkeling, berjalan di tebing, menikmati ombak atau foto-foto di spot batu karang. Papuma juga sering dijadikan objek wisata utama di Jember.",pantai papuma pantai pantai jember jl raya lojejer area kebun lojejer kec wuluhan kabupaten jember jawa timur pantai papuma pasir putih malikan pantai populer jember pasir putih tebing karang panorama laut luas pengunjung bisa melakukan snorkeling berjalan tebing menikmati ombak foto foto spot batu karang papuma sering dijadikan objek wisata utama jember,-8.4239,113.5658,Buka 24 jam,Buka 24 jam,[Unverified],[Unverified],[Unverified],Rp 25.000,Situs Resmi Perhutani/Tanjung Papuma,2026-07-20,Tidak ada data
13,Pemandian Patemon,Rekreasi,Jember,"Krajan II, Patemon, Kec. Tanggul, Kabupaten Jember, Jawa Timur 68155","Pemandian Patemon di Jember, terletak di Krajan II, Patemon, Kecamatan Tanggul, Kabupaten Jember, Jawa Timur 68155, menawarkan pengalaman rekreasi yang unik dan menyegarkan. Destinasi wisata ini terletak di tengah hutan yang masih asri dan hijau, sehingga memberikan suasana yang sejuk dan tenang, sangat cocok untuk melepaskan stres dan menenangkan pikiran.

Pemandian Patemon memiliki daya tarik utama yaitu kualitas airnya yang jernih dan bening, sehingga sangat cocok untuk berenang dan bermain air. Selain itu, destinasi wisata ini juga menawarkan pemandangan alam yang indah dan menakjubkan, seperti hutan yang masih asri dan hijau, serta keindahan alam yang terbentang luas. Anda dapat menikmati keindahan alam ini dari atas tebing atau dari sisi kolam renang. Selain itu, Pemandian Patemon juga menawarkan berbagai aktivitas yang dapat dilakukan, seperti berenang, bermain air, bersepeda, dan berjalan-jalan di sekitar hutan. Anda juga dapat menikmati hidangan khas Jember, seperti gudeg dan sate.

Suasana di Pemandian Patemon sangat nyaman dan tenang, sehingga sangat cocok untuk melepaskan stres dan menenangkan pikiran. Anda dapat menikmati keindahan alam dengan santai dan tidak terganggu oleh suara bising. Pemandian Patemon juga menyediakan fasilitas yang lengkap, seperti tempat parkir yang luas, toilet yang bersih, dan tempat makan yang menyajikan hidangan khas Jember. Jika Anda ingin menghabiskan waktu lebih lama di Pemandian Patemon, Anda dapat memilih untuk menginap di penginapan-penginapan yang terletak di sekitar destinasi wisata ini. Dengan demikian, Anda dapat menikmati keindahan alam Pemandian Patemon dengan lebih lama dan lebih menyeluruh.",assets/images/13.png,"Pemandian Patemon Rekreasi Rekreasi Jember Krajan II, Patemon, Kec. Tanggul, Kabupaten Jember, Jawa Timur 68155 Pemandian Patemon adalah pemandian air tawar lokal di kawasan Tanggul, di mana masyarakat dapat menikmati air segar alam, relaksasi, serta suasana pedesaan sekitar. Tempat ini cocok sebagai destinasi lokal untuk menghindari keramaian.",pemandian patemon rekreasi rekreasi jember krajan ii patemon kec tanggul kabupaten jember jawa timur pemandian patemon pemandian air tawar lokal kawasan tanggul mana masyarakat menikmati air segar alam relaksasi suasana pedesaan sekitar tempat cocok sebagai destinasi lokal menghindari keramaian,-8.0833,113.5683,07:00,17:00,[Unverified],[Unverified],[Unverified],Rp 15.000,Google Maps,2026-07-20,Tidak ada data
14,Air Terjun Kebun Rayap,Air Terjun,Jember,"Area Sawah/Kebun, Panduman, Kec. Jelbuk, Kabupaten Jember, Jawa Timur 68151","Air Terjun Kebun Rayap, sebuah destinasi wisata alam yang terletak di Area Sawah/Kebun Panduman, Kecamatan Jelbuk, Kabupaten Jember, Jawa Timur 68151, menawarkan pengalaman wisata yang unik dan menarik bagi para pengunjung. Lokasinya yang tersembunyi di antara luasnya sawah dan kebun, membuat air terjun ini menjadi tempat yang ideal untuk menenangkan diri dari kehidupan sehari-hari. Daya tarik utamanya adalah keindahan alam yang masih alami dan belum terjamah oleh peradaban manusia, sehingga pengunjung dapat merasakan kesegaran dan kebersihan udara yang sangat baik di sekitar air terjun.

Suasana di Air Terjun Kebun Rayap sangat damai dan tenang, dengan suara air terjun yang jernih mengalir ke bawah dan menyirami kebun-kebun yang hijau. Pemandangan alam yang spektakuler dapat dilihat dari kejauhan, dengan gunung-gunung berlatar biru yang menjulang tinggi dan langit yang cerah. Aktivitas yang bisa dilakukan di sini sangat beragam, mulai dari berjalan-jalan di sekitar air terjun, berenang di kolam alami, berfoto-foto di spot-spot yang menarik, hingga bermeditasi dan menikmati keindahan alam. Selain itu, pengunjung juga dapat menikmati kegiatan seperti berburu foto, hiking, dan menikmati pemandangan alam dari atas.

Air Terjun Kebun Rayap juga menawarkan pengalaman yang unik bagi para pengunjung yang ingin mengeksplorasi keindahan alam. Pengunjung dapat menikmati keindahan alam yang masih alami, tanpa harus khawatir akan kerusakan lingkungan. Selain itu, pengunjung juga dapat menikmati kebersihan udara yang sangat baik di sekitar air terjun, yang membuat pengunjung merasa lebih sehat dan segar. Dengan demikian, Air Terjun Kebun Rayap menjadi destinasi wisata yang sangat cocok untuk para pengunjung yang ingin menikmati keindahan alam dan menghabiskan waktu di tempat yang tenang dan damai.",assets/images/14.png,"Air Terjun Kebun Rayap Air Terjun Air Terjun Jember Area Sawah/Kebun, Panduman, Kec. Jelbuk, Kabupaten Jember, Jawa Timur 68151 Air Terjun Kebun Rayap terletak di area kebun dan persawahan di Jelbuk, dengan aliran air yang menyejukkan dan suasana alam asri. Pengunjung bisa trekking ringan menuju lokasi, menikmati suara alam, mandi di kolam alami, dan piknik di area sekitar air terjun.",air terjun kebun rayap air terjun air terjun jember area sawah kebun panduman kec jelbuk kabupaten jember jawa timur air terjun kebun rayap terletak area kebun persawahan jelbuk aliran air menyejukkan suasana alam asri pengunjung bisa trekking ringan menuju lokasi menikmati suara alam mandi kolam alami piknik area sekitar air terjun,[Unverified],[Unverified],[Unverified],[Unverified],[Unverified],[Unverified],[Unverified],[Unverified],[Unverified],2026-07-20,Tidak ada data
15,PPG Pinus Sidomulyo,Agrowisata,Jember,"Curah Damar, Sidomulyo, Kec. Silo, Kabupaten Jember, Jawa Timur 68184","PPG Pinus Sidomulyo, terletak di Curah Damar, Sidomulyo, Kec. Silo, Kabupaten Jember, Jawa Timur, merupakan destinasi wisata agrowisata yang menawarkan pengalaman unik bagi pengunjung. Lokasinya yang berada di tengah-tengah hutan pinus, membuat suasana di sini sangat sejuk dan asri, seperti sedang berada di tengah hutan yang alami. Pemandangan alam yang menakjubkan, dengan pohon-pohon pinus yang rindang dan hijau, serta udara yang segar dan sejuk, membuat pengunjung merasa nyaman dan relaks.

Salah satu daya tarik utama dari PPG Pinus Sidomulyo adalah keindahan alam yang sangat menakjubkan. Pengunjung dapat menikmati pemandangan alam yang unik, dengan pohon-pohon pinus yang berdiri tegak di sekelilingnya, serta air terjun yang mengalir dengan deras dan menantang. Aktivitas yang dapat dilakukan di sini, antara lain, hiking, camping, dan menikmati keindahan alam secara langsung. Pengunjung juga dapat menikmati kegiatan-kegiatan lain, seperti bersepeda gunung, berenang di kolam alami, dan menikmati makanan yang disajikan di warung-warung lokal. Selain itu, PPG Pinus Sidomulyo juga menawarkan kesempatan bagi pengunjung untuk belajar tentang kehidupan alam dan lingkungan, melalui program-program edukatif yang disediakan.

Pengalaman mengunjungi PPG Pinus Sidomulyo tidak akan terlupakan. Suasana yang asri dan sejuk, serta pemandangan alam yang menakjubkan, membuat pengunjung merasa seperti sedang berada di surga. Dengan kegiatan-kegiatan yang dapat dilakukan, seperti hiking, camping, dan menikmati keindahan alam secara langsung, pengunjung dapat menghabiskan waktu dengan sangat menyenangkan. Jadi, jika Anda sedang mencari destinasi wisata yang unik dan menarik, PPG Pinus Sidomulyo adalah pilihan yang tepat. Datanglah dan rasakan sendiri keindahan alam yang menakjubkan dan suasana yang sangat menyenangkan.",assets/images/15.png,"PPG Pinus Sidomulyo Agrowisata Agrowisata Jember Curah Damar, Sidomulyo, Kec. Silo, Kabupaten Jember, Jawa Timur 68184 PPG Pinus Sidomulyo adalah kawasan agrowisata pinus di Sidomulyo, di mana pengunjung bisa berjalan di antara barisan pohon pinus, menikmati udara segar, serta spot-spot foto estetik. Mungkin juga ada fasilitas edukasi tentang pohon pinus atau konservasi.",ppg pinus sidomulyo agrowisata agrowisata jember curah damar sidomulyo kec silo kabupaten jember jawa timur ppg pinus sidomulyo kawasan agrowisata pinus sidomulyo mana pengunjung bisa berjalan barisan pohon pinus menikmati udara segar spot spot foto estetik mungkin fasilitas edukasi pohon pinus konservasi,-8.1182,113.8569,08:00,16:00,[Unverified],[Unverified],[Unverified],Rp 5.000,Google Maps,2026-07-20,Tidak ada data
16,Taman Galaxy,Rekreasi,Jember,"Area Sawah/Kebun, Tempurejo, Kec. Tempurejo, Kabupaten Jember, Jawa Timur 68173","Taman Galaxy merupakan destinasi wisata rekreasi yang terletak di Area Sawah/Kebun, Tempurejo, Kec. Tempurejo, Kabupaten Jember, Jawa Timur 68173. Lokasinya yang terpencil dan berada di tengah-tengah sawah membuat suasana di tempat ini sangat menenangkan dan alami. Pemandangan hijau sawah yang luas dan pepohonan yang teduh membuat pengunjung merasa seperti berada di alam yang sejuk dan damai.

Daya tarik utama Taman Galaxy adalah keindahan alamnya yang masih asli dan alami. Pengunjung dapat menikmati pemandangan sawah yang luas dan hijau, serta pepohonan yang rindang. Selain itu, Taman Galaxy juga menawarkan berbagai aktivitas yang dapat dinikmati oleh pengunjung, seperti berjalan-jalan di sekitar sawah, berfoto di spot-spot yang menarik, dan menikmati hidangan lokal di warung-warung yang ada di sekitar tempat. Pengunjung juga dapat bermain permainan tradisional seperti gasing dan congklak, serta menonton pertunjukan budaya yang menampilkan kesenian local.

Selain keindahan alam dan aktivitas yang menarik, Taman Galaxy juga menawarkan fasilitas yang lengkap untuk memenuhi kebutuhan pengunjung. Terdapat toilet, gudang, dan tempat parkir yang luas untuk memudahkan pengunjung. Selain itu, Taman Galaxy juga menawarkan akomodasi yang nyaman bagi pengunjung yang ingin menginap di tempat ini. Dengan harga yang terjangkau, pengunjung dapat menikmati keindahan alam dan fasilitas yang lengkap di Taman Galaxy. Taman Galaxy adalah destinasi wisata rekreasi yang wajib dikunjungi bagi mereka yang ingin menikmati keindahan alam yang masih asli dan alami.",assets/images/16.png,"Taman Galaxy Rekreasi Rekreasi Jember Area Sawah/Kebun, Tempurejo, Kec. Tempurejo, Kabupaten Jember, Jawa Timur 68173 Taman Galaxy adalah ruang terbuka hijau di Tempurejo yang menawarkan area jalan halus, taman lanskap, area duduk santai, dan panorama pedesaan. Tempat yang cocok untuk piknik sore, jogging ringan, atau nongkrong santai di alam terbuka.",taman galaxy rekreasi rekreasi jember area sawah kebun tempurejo kec tempurejo kabupaten jember jawa timur taman galaxy ruang terbuka hijau tempurejo menawarkan area jalan halus taman lanskap area duduk santai panorama pedesaan tempat cocok piknik sore jogging ringan nongkrong santai alam terbuka,-8.2711,113.6828,08:00,16:00,[Unverified],[Unverified],[Unverified],Rp 10.000,Google Maps,2026-07-20,Tidak ada data
17,Air Terjun Tancak,Air Terjun,Jember,"Area Pegunungan Argop, Suci, Kec. Panti, Kabupaten Jember, Jawa Timur 68153","Air Terjun Tancak merupakan salah satu destinasi wisata alam yang menarik di Jawa Timur, terletak di Area Pegunungan Argop, Suci, Kec. Panti, Kabupaten Jember, Jawa Timur. Lokasinya yang berada di ketinggian 100 meter di atas permukaan laut membuat suasana di sekitar air terjun sangat sejuk dan asri. Saat Anda berkunjung ke Air Terjun Tancak, Anda akan merasakan keindahan alam yang masih alami dan belum terjamah oleh banyak pengunjung.

Suasana di sekitar air terjun sangat tenang dan damai, dipenuhi dengan vegetasi hijau yang lebat dan udara yang segar. Anda dapat menikmati keindahan alam ini dari berbagai sudut pandang, mulai dari atas air terjun hingga di bawahnya. Saat musim hujan, air terjun ini menjadi sangat luas dan menakjubkan, dengan air yang jatuh dari ketinggian 150 meter. Selain itu, Anda juga dapat menikmati keindahan pemandangan alam di sekitar air terjun, seperti gunung-gunung yang menjulang tinggi dan hutan yang lebat.

Aktivitas yang dapat dilakukan di Air Terjun Tancak sangat beragam, mulai dari berenang di kolam alami di bawah air terjun, berjalan-jalan di sekitar air terjun, hingga berfoto dengan latar belakang keindahan alam yang menakjubkan. Anda juga dapat menikmati keindahan air terjun dengan berjalan di sekitar sungai yang mengalir di bawah air terjun. Selain itu, Anda juga dapat menikmati keindahan pemandangan alam di sekitar air terjun dengan berjalan-jalan di sekitar hutan yang lebat. Air Terjun Tancak merupakan destinasi wisata yang wajib dikunjungi bagi Anda yang mencari keindahan alam yang menakjubkan dan suasana yang tenang dan damai.",assets/images/17.png,"Air Terjun Tancak Air Terjun Air Terjun Jember Area Pegunungan Argop, Suci, Kec. Panti, Kabupaten Jember, Jawa Timur 68153 Air Terjun Tancak terletak dalam kawasan pegunungan Argop di Panti, Jember. Dengan suara gemericik air dan suasana hutan, pengunjung bisa trekking ke sumber air terjun, menikmati pemandangan alam, serta bersantai di kolam alaminya.",air terjun tancak air terjun air terjun jember area pegunungan argop suci kec panti kabupaten jember jawa timur air terjun tancak terletak dalam kawasan pegunungan argop panti jember suara gemericik air suasana hutan pengunjung bisa trekking sumber air terjun menikmati pemandangan alam bersantai kolam alaminya,-8.1189,113.6067,07:00,16:00,[Unverified],[Unverified],[Unverified],Rp 5.000,Google Maps,2026-07-20,Tidak ada data
18,Air Terjun Antrokan,Air Terjun,Jember,"Kali Tengah, Manggisan, Kec. Tanggul, Kabupaten Jember, Jawa Timur 68155","Air Terjun Antrokan, terletak di Kali Tengah, Manggisan, Kecamatan Tanggul, Kabupaten Jember, Jawa Timur, adalah salah satu destinasi wisata alam yang paling menarik dan spektakuler di daerah tersebut. Berada di tengah hutan lebat yang masih asri dan alami, Air Terjun Antrokan menawarkan pengalaman wisata yang unik dan tak terlupakan bagi setiap pengunjungnya. Dengan ketinggian air terjun yang mencapai lebih dari 30 meter, Air Terjun Antrokan tampak seperti sebuah keajaiban alam yang mengalir dengan deras dan kuat, menghasilkan gelembung-gelembung air yang berkecemas dan suara gemuruh yang menakjubkan.

Suasana di sekitar Air Terjun Antrokan sangatlah menenangkan dan damai, dengan pemandangan alam yang masih asli dan belum terjamah oleh tangan-tangan manusia. Pengunjung dapat menikmati keindahan alam yang masih alami, dengan pohon-pohon hijau yang rindang dan sungai yang mengalir dengan deras. Selain itu, pengunjung juga dapat menikmati keindahan air terjun yang terbentuk dari bebatuan dan tanah yang masih asli. Aktivitas yang dapat dilakukan di Air Terjun Antrokan antara lain berenang, bermain air, memotret, dan bermeditasi. Namun, perlu diingat bahwa pengunjung harus berhati-hati dan tidak boleh melakukan aktivitas yang berbahaya dan merusak lingkungan.

Air Terjun Antrokan juga menawarkan pilihan akomodasi yang nyaman dan murah bagi pengunjung yang ingin menghabiskan waktu lebih lama di destinasi wisata ini. Pengunjung dapat memilih untuk menginap di penginapan-penginapan yang terletak di dekat lokasi air terjun, atau dapat juga memilih untuk menginap di rumah-rumah penduduk setempat. Selain itu, pengunjung juga dapat menikmati kuliner lokal yang lezat dan murah di warung-warung makan yang terletak di dekat lokasi air terjun. Dengan demikian, Air Terjun Antrokan menjadi salah satu destinasi wisata alam yang paling menarik dan wajib dikunjungi bagi setiap pengunjung yang ingin menikmati keindahan alam yang masih asri dan alami.",assets/images/18.png,"Air Terjun Antrokan Air Terjun Air Terjun Jember Kali Tengah, Manggisan, Kec. Tanggul, Kabupaten Jember, Jawa Timur 68155 Air Terjun Antrokan berada di area perbukitan Tanggul, menyajikan aliran air jernih dan dinding batu yang eksotis. Cocok bagi pecinta alam yang ingin menjelajah jalur air terjun dan menyatu dengan alam.",air terjun antrokan air terjun air terjun jember kali tengah manggisan kec tanggul kabupaten jember jawa timur air terjun antrokan area perbukitan tanggul menyajikan aliran air jernih dinding batu eksotis cocok pecinta alam ingin menjelajah jalur air terjun menyatu alam,-8.1215,113.5283,07:00,16:00,[Unverified],[Unverified],[Unverified],Rp 5.000,Google Maps,2026-07-20,Tidak ada data
19,Air Terjun Tancak Tulis,Air Terjun,Jember,"Area Hutan, Darungan, Kec. Tanggul, Kabupaten Jember, Jawa Timur 68155","Air Terjun Tancak Tulis, sebuah destinasi wisata yang tersembunyi di dalam hutan yang masih alami di Darungan, Kecamatan Tanggul, Kabupaten Jember, Jawa Timur. Terletak di atas ketinggian sekitar 100 meter di atas permukaan laut, Air Terjun Tancak Tulis menawarkan pemandangan yang sangat indah dan unik. Air terjun ini memiliki lebar sekitar 5 meter dan tinggi sekitar 20 meter, sehingga air yang mengalir dari atasnya terlihat sangat jernih dan mengalir dengan deras.

Suasana di Air Terjun Tancak Tulis sangat menenangkan dan sejuk, karena lokasinya yang terletak di dalam hutan yang masih alami. Pemandangan sekitarnya juga sangat indah, dengan pepohonan rindang dan rerumputan yang hijau. Wisatawan dapat menikmati keindahan alam ini dengan berjalan-jalan di sekitar air terjun, atau duduk-duduk di atas batu-batu yang berjarak sekitar 10 meter dari air terjun. Selain itu, wisatawan juga dapat melakukan beberapa aktivitas seperti berenang, bermain air, atau hanya sekadar menikmati keindahan alam ini dengan diam-diam.

Air Terjun Tancak Tulis juga menawarkan beberapa fasilitas yang dapat dinikmati oleh wisatawan, seperti tempat parkir yang luas, toilet, dan warung makan. Di sekitar air terjun, wisatawan juga dapat menemukan beberapa tanaman liar seperti bunga melati, bunga mawar, dan beberapa jenis tanaman yang unik dan langka. Selain itu, wisatawan juga dapat melihat beberapa jenis burung yang hidup di sekitar air terjun, seperti burung jalak, burung cucak, dan beberapa jenis burung lainnya. Dengan keindahan alamnya yang masih alami dan fasilitas yang lengkap, Air Terjun Tancak Tulis adalah destinasi wisata yang wajib dikunjungi oleh siapa saja yang ingin menikmati keindahan alam yang masih belum terjamah oleh manusia.",assets/images/19.png,"Air Terjun Tancak Tulis Air Terjun Air Terjun Jember Area Hutan, Darungan, Kec. Tanggul, Kabupaten Jember, Jawa Timur 68155 Air Terjun Tancak Tulis berada di area hutan Darungan, Tanggul. Dengan suasana yang lebih tersembunyi, trek alam yang menantang, serta pemandangan dinding batu berair, destinasi ini pas untuk petualangan alam dan eksplorasi air terjun.",air terjun tancak tulis air terjun air terjun jember area hutan darungan kec tanggul kabupaten jember jawa timur air terjun tancak tulis area hutan darungan tanggul suasana lebih tersembunyi trek alam menantang pemandangan dinding batu berair destinasi pas petualangan alam eksplorasi air terjun,-8.04,113.49,07:00,16:00,[Unverified],[Unverified],[Unverified],Rp 5.000,Google Maps,2026-07-20,Tidak ada data
20,Taman Botani Sukorambi,Rekreasi,Jember,"Jl. Mujahir, Krajan, Sukorambi, Kec. Sukorambi, Kabupaten Jember, Jawa Timur 68151","Taman Botani Sukorambi merupakan destinasi wisata rekreasi yang menawarkan pengalaman unik dan menyenangkan bagi pengunjung. Terletak di Jl. Mujahir, Krajan, Sukorambi, Kec. Sukorambi, Kabupaten Jember, Jawa Timur, taman ini dikelilingi oleh hamparan luas hijau yang memanjakan mata dan memberikan suasana yang damai. Sebagai salah satu taman botani terbesar di Indonesia, Taman Botani Sukorambi menawarkan pemandangan yang luar biasa dengan koleksi lebih dari 1.500 jenis tanaman yang berasal dari berbagai belahan dunia.

Dengan luas sekitar 18 hektar, taman ini menawarkan pengalaman yang unik bagi pengunjung. Mulai dari berjalan-jalan di tengah-tengah kebun bunga yang berwarna-warni hingga menikmati keindahan air terjun yang membentang di tengah-tengah taman. Pengunjung juga dapat menikmati keindahan kolam ikan yang berisi berbagai jenis ikan air tawar dan air asin. Selain itu, taman ini juga menawarkan berbagai fasilitas seperti restoran, café, dan area piknik yang dapat memuaskan keinginan pengunjung. Aktivitas yang dapat dilakukan di Taman Botani Sukorambi antara lain bersepeda, berjalan-jalan, berfoto, dan mengikuti workshop tentang perawatan tanaman.

Taman Botani Sukorambi juga menawarkan pengalaman unik bagi pengunjung dengan menampilkan berbagai jenis tanaman yang langka dan unik. Diantaranya adalah tanaman kaktus, tanaman epiphyte, dan tanaman tropis lainnya. Selain itu, taman ini juga menawarkan festival tanaman yang rutin diadakan setiap tahunnya, di mana pengunjung dapat menikmati keindahan tanaman yang sedang berbunga. Dengan demikian, Taman Botani Sukorambi menjadi destinasi wisata rekreasi yang tidak boleh dilewatkan bagi pengunjung yang mencari pengalaman unik dan menyenangkan.",assets/images/20.png,"Taman Botani Sukorambi Rekreasi Rekreasi Jember Jl. Mujahir, Krajan, Sukorambi, Kec. Sukorambi, Kabupaten Jember, Jawa Timur 68151 Taman Botani Sukorambi adalah kebun botani seluas beberapa hektar di Sukorambi, Jember. Tempat ini memiliki koleksi tanaman obat, bunga, dan pepohonan langka; juga fasilitas seperti kolam, pusat bacaan, flying fox, cafe, dan jalur pejalan kaki yang integral untuk edukasi botani dan rekreasi alam.",taman botani sukorambi rekreasi rekreasi jember jl mujahir krajan sukorambi kec sukorambi kabupaten jember jawa timur taman botani sukorambi kebun botani seluas hektar sukorambi jember tempat memiliki koleksi tanaman obat bunga pepohonan langka fasilitas kolam pusat bacaan flying fox cafe jalur pejalan kaki integral edukasi botani rekreasi alam,-8.1565,113.6552,07:00,16:00,[Unverified],[Unverified],[Unverified],Rp 20.000,Situs Resmi Botani Sukorambi,2026-07-20,Tidak ada data
21,Pantai Payangan,Pantai,Jember,"Pantai Payangan, Jl. Sidomulyo, Sido Mulyo, Sumberrejo, Kec. Ambulu, Kabupaten Jember, Jawa Timur 68172","Pantai Payangan, sebuah destinasi wisata pantai yang terletak di Jember, Jawa Timur, menawarkan pengalaman liburan yang tak terlupakan bagi para pengunjung. Terletak di Jl. Sidomulyo, Sido Mulyo, Sumberrejo, Kec. Ambulu, Kabupaten Jember, dengan kode pos 68172, Pantai Payangan menawarkan suasana yang tenang dan damai, membuatnya menjadi pilihan yang tepat bagi mereka yang ingin menyegarkan pikiran dan menikmati keindahan alam.

Pantai Payangan dikenal akan keindahan alamnya yang masih alami dan tidak terjamah oleh kebisingan kota. Pasir putih yang lembut dan pepohonan hijau yang membentang sepanjang garis pantai, membuat suasana di sini sangat nyaman dan menenangkan. Selain itu, ombak yang tidak terlalu besar membuatnya menjadi pilihan yang tepat bagi mereka yang ingin berenang atau bermain air. Anda juga dapat menikmati keindahan sunset atau sunrise di sini, dengan suasana yang romantis dan tak terlupakan. Selain itu, Pantai Payangan juga menawarkan berbagai aktivitas yang dapat dinikmati, seperti berenang, bermain air, berjalan-jalan di pantai, atau hanya menikmati keindahan alam.

Dengan fasilitas yang cukup lengkap, seperti tempat parkir yang luas, toilet, dan warung makan, Pantai Payangan menjadi destinasi wisata yang sangat cocok bagi keluarga, pasangan, atau bahkan solo traveler. Anda dapat menikmati keindahan alam, berenang, bermain air, atau hanya menikmati keheningan di sini. Pantai Payangan juga menawarkan kesempatan untuk melihat keindahan alam yang lebih dalam, seperti gugusan karang, ikan-ikan kecil, atau bahkan penyu yang sedang bertelur. Dengan demikian, Pantai Payangan menjadi destinasi wisata yang sangat layak untuk dikunjungi, terutama bagi mereka yang mencari keindahan alam yang alami dan menenangkan.",assets/images/21.png,"Pantai Payangan Pantai Pantai Jember Pantai Payangan, Jl. Sidomulyo, Sido Mulyo, Sumberrejo, Kec. Ambulu, Kabupaten Jember, Jawa Timur 68172 Pantai Payangan menawarkan pantai eksotis dengan kombinasi pasir, batu karang, dan pemandangan tebing di latar belakang. Cocok bagi wisatawan yang mencari suasana pantai yang lebih tenang dan alami di Jember selatan.",pantai payangan pantai pantai jember pantai payangan jl sidomulyo sido mulyo sumberrejo kec ambulu kabupaten jember jawa timur pantai payangan menawarkan pantai eksotis kombinasi pasir batu karang pemandangan tebing latar cocok wisatawan mencari suasana pantai lebih tenang alami jember selatan,-8.3934,113.5659,Buka 24 jam,Buka 24 jam,[Unverified],[Unverified],[Unverified],Rp 10.000,"Google Maps, Traveloka",2026-07-20,Tidak ada data
22,Tiara Waterpark,Rekreasi,Jember,"Jalan Kaliurang, Sumbersari, Krajan Barat, Sumbersari, Jl. Kaliurang No.158, Krajan Barat, Tegalgede, Kabupaten Jember, Jawa Timur 68124","Tiara Waterpark, terletak di Jalan Kaliurang, Sumbersari, Krajan Barat, Tegalgede, Kabupaten Jember, Jawa Timur, adalah salah satu destinasi wisata rekreasi yang paling populer di daerah tersebut. Lokasinya yang strategis dan aksesibilitas yang mudah membuatnya menjadi pilihan utama bagi mereka yang mencari tempat hiburan yang menyenangkan dan relaks.

Pada saat Anda tiba di Tiara Waterpark, Anda langsung akan terkesan dengan suasana yang menawan dan pemandangan yang indah. Kolam renang yang luas dan fasilitas yang lengkap akan membuat Anda merasa seolah-olah Anda sedang berada di sebuah surga. Kolam renang ini juga dilengkapi dengan berbagai fasilitas seperti kolam anak-anak, kolam untuk dewasa, dan fasilitas olahraga air lainnya. Suasana yang santai dan nyaman dijamin akan membuat Anda merasa lebih rileks dan bahagia. Selain itu, Tiara Waterpark juga menawarkan berbagai aktivitas yang dapat Anda lakukan, seperti berenang, bermain air, dan bermain permainan air lainnya. Anda juga dapat menikmati berbagai fasilitas tambahan seperti warung makan, kafe, dan toko souvenir.

Namun, yang membuat Tiara Waterpark menjadi destinasi wisata yang sangat unik dan menarik adalah adanya berbagai fasilitas yang menawarkan pengalaman yang berbeda-beda. Salah satu contoh adalah adanya kolam renang yang dapat digunakan untuk berenang pada malam hari, dengan menggunakan cahaya neon yang menambah kesan yang sangat menarik. Selain itu, Tiara Waterpark juga menawarkan berbagai acara dan kegiatan yang dapat Anda ikuti, seperti konser, pertandingan olahraga air, dan acara lainnya. Dengan demikian, Anda dapat menikmati pengalaman yang tak terlupakan dan menciptakan kenangan yang indah bersama keluarga atau teman-teman.",assets/images/22.png,"Tiara Waterpark Rekreasi Rekreasi Jember Jalan Kaliurang, Sumbersari, Krajan Barat, Sumbersari, Jl. Kaliurang No.158, Krajan Barat, Tegalgede, Kabupaten Jember, Jawa Timur 68124 Tiara Waterpark adalah taman air modern di kota Jember dengan kolam renang, seluncuran air, area bermain air, serta fasilitas pendukung seperti food court dan area parkir. Cocok sebagai destinasi keluarga dan hiburan air di dalam kota.",tiara waterpark rekreasi rekreasi jember jalan kaliurang sumbersari krajan barat sumbersari jl kaliurang no krajan barat tegalgede kabupaten jember jawa timur tiara waterpark taman air modern kota jember kolam renang seluncuran air area bermain air fasilitas pendukung food court area parkir cocok sebagai destinasi keluarga hiburan air dalam kota,-8.1542,113.6822,08:00,17:00,[Unverified],[Unverified],[Unverified],Rp 25.000,Google Maps,2026-07-20,Tidak ada data
23,Pantai Nanggelan,Pantai,Jember,"Jalan Cangak Indah, Curahnongko, Tempurejo, Area Hutan, Curahnongko, Kec. Tempurejo, Kabupaten Jember, Jawa Timur 68173","Pantai Nanggelan, sebuah destinasi wisata pantai yang terletak di Jalan Cangak Indah, Curahnongko, Tempurejo, Kabupaten Jember, Jawa Timur, menawarkan pengalaman liburan yang tak terlupakan bagi para pengunjung. Terletak di area hutan yang masih asri dan alami, pantai ini menawarkan pemandangan alam yang indah dan menenangkan, sehingga menjadi destinasi wisata yang sangat cocok untuk mereka yang mencari ketenangan dan keindahan alam.

Suasana di Pantai Nanggelan sangat menyenangkan dan menenangkan, dengan air laut yang jernih dan pasir putih yang lembut. Para pengunjung dapat menikmati pemandangan pantai yang indah sambil berenang, bermain air, atau hanya duduk santai di bawah payung-payung yang disediakan. Selain itu, pantai ini juga menawarkan kegiatan-kegiatan menarik seperti bersepeda, berjalan-jalan di area hutan, atau melihat-lihat kehidupan liar di sekitar pantai. Para pengunjung juga dapat menikmati kuliner tradisional Jawa Timur di warung-warung yang tersebar di sekitar pantai. Pada malam hari, pantai ini juga menawarkan pemandangan yang indah dengan lampu-lampu yang berkelap-kelip, sehingga menjadi destinasi wisata yang sangat cocok untuk mereka yang mencari keindahan alam dan ketenangan.

Aktivitas yang bisa dilakukan di Pantai Nanggelan sangat beragam, sehingga para pengunjung dapat memilih kegiatan yang sesuai dengan minat dan preferensi mereka. Para pengunjung dapat menikmati kegiatan air seperti berenang, bermain air, atau bersepeda air. Selain itu, para pengunjung juga dapat menikmati kegiatan darat seperti berjalan-jalan di area hutan, melihat-lihat kehidupan liar, atau berfoto-foto di tempat-tempat yang indah. Para pengunjung juga dapat menikmati kuliner tradisional Jawa Timur di warung-warung yang tersebar di sekitar pantai. Pada malam hari, para pengunjung juga dapat menikmati pemandangan yang indah dengan lampu-lampu yang berkelap-kelip. Dengan demikian, Pantai Nanggelan menjadi destinasi wisata yang sangat cocok untuk mereka yang mencari keindahan alam, ketenangan, dan kegiatan menarik.",assets/images/23.png,"Pantai Nanggelan Pantai Pantai Jember Jalan Cangak Indah, Curahnongko, Tempurejo, Area Hutan, Curahnongko, Kec. Tempurejo, Kabupaten Jember, Jawa Timur 68173 Pantai Nanggelan adalah pantai alam dengan suasana tenang, pasir, ombak lembut, dan latar hutan atau tebing. Tempat ini cocok bagi wisatawan yang ingin menikmati pantai tanpa keramaian, berjalan pantai, atau sekadar menyatu dengan alam.",pantai nanggelan pantai pantai jember jalan cangak indah curahnongko tempurejo area hutan curahnongko kec tempurejo kabupaten jember jawa timur pantai nanggelan pantai alam suasana tenang pasir ombak lembut latar hutan tebing tempat cocok wisatawan ingin menikmati pantai tanpa keramaian berjalan pantai sekadar menyatu alam,-8.4358,113.6143,Buka 24 jam,Buka 24 jam,[Unverified],[Unverified],[Unverified],Rp 10.000,Google Maps,2026-07-20,Tidak ada data
24,Air Terjun 7 Bidadari,Air Terjun,Jember,"Dusun, Gardu Utara, Rowosari, Kec. Sumberjambe, Kabupaten Jember, Jawa Timur 68195","Air Terjun 7 Bidadari merupakan salah satu destinasi wisata alam yang menawarkan pengalaman yang tak terlupakan di Kabupaten Jember, Jawa Timur. Terletak di Dusun Gardu Utara, Rowosari, Kecamatan Sumberjambe, Air Terjun 7 Bidadari menawarkan keindahan alam yang sangat menakjubkan dengan air terjun yang terdiri dari 7 tingkat, sehingga memberikan kesan yang sangat spektakuler. Suasana sekitar air terjun yang masih alami dan sejuk membuat pengunjung merasa nyaman dan tenang.

Pemandangan di sekitar air terjun sangatlah menarik, dengan vegetasi hijau yang lebat dan berbagai jenis tanaman yang unik. Pengunjung dapat menikmati keindahan air terjun dari berbagai sudut dan sudut pandang, mulai dari dekat hingga jauh. Selain itu, pengunjung juga dapat menikmati keindahan alam sekitar, seperti perbukitan, hutan, dan sungai yang mengalir dengan tenang. Aktivitas yang dapat dilakukan di Air Terjun 7 Bidadari antara lain, berenang, berfoto, berjalan-jalan di sekitar air terjun, dan menikmati keindahan alam sekitar. Pengunjung juga dapat menikmati makanan dan minuman yang lezat di warung-warung yang terdapat di sekitar air terjun.

Untuk mencapai Air Terjun 7 Bidadari, pengunjung dapat menggunakan transportasi umum atau memilih untuk menggunakan mobil pribadi. Jarak dari pusat kota Jember ke Air Terjun 7 Bidadari sekitar 20 km, sehingga dapat ditempuh dalam waktu yang relatif singkat. Fasilitas yang tersedia di sekitar air terjun antara lain, toilet, tempat parkir, dan warung-warung yang menjual makanan dan minuman. Meskipun belum banyak diketahui oleh masyarakat luas, Air Terjun 7 Bidadari menawarkan pengalaman yang sangat berkesan dan tak terlupakan bagi pengunjung yang mengunjunginya.",assets/images/24.png,"Air Terjun 7 Bidadari Air Terjun Air Terjun Jember Dusun, Gardu Utara, Rowosari, Kec. Sumberjambe, Kabupaten Jember, Jawa Timur 68195 Air Terjun 7 Bidadari adalah air terjun bertingkat yang memukau di Sumberjambe, Jember. Nama “7 Bidadari” memberi kesan magis, pengunjung bisa menikmati beberapa aliran air di tiap tingkatan, spot foto, dan panorama alam sekitarnya.",air terjun bidadari air terjun air terjun jember dusun gardu utara rowosari kec sumberjambe kabupaten jember jawa timur air terjun bidadari air terjun bertingkat memukau sumberjambe jember nama bidadari memberi kesan magis pengunjung bisa menikmati aliran air tiap tingkatan spot foto panorama alam sekitarnya,-8.1129,113.782,07:00,16:00,[Unverified],[Unverified],[Unverified],Rp 5.000,Google Maps,2026-07-20,Tidak ada data
25,Pantai Paseban,Pantai,Jember,"Paseban, Kec. Kencong, Kabupaten Jember, Jawa Timur","Pantai Paseban terletak di Kecamatan Kencong, Kabupaten Jember, Jawa Timur, merupakan destinasi wisata pantai yang menawarkan keindahan alam yang luar biasa. Lokasinya yang strategis membuat pantai ini menjadi salah satu tempat wisata populer di Jember. Pantai Paseban memiliki keunikan yang berbeda dari pantai lainnya, yaitu adanya batu-batu karang yang menjulang tinggi di sepanjang garis pantai, menciptakan pemandangan yang menakjubkan.

Suasana di Pantai Paseban sangat nyaman dan relaks, terutama pada pagi dan sore hari ketika sinar matahari tidak terlalu panas. Pada saat itu, pengunjung dapat menikmati keindahan laut yang biru dan jernih, serta menikmati perpaduan antara langit biru dan laut yang hijau. Selain itu, pantai ini juga menawarkan kegiatan water sports seperti berenang, bermain air, dan menyelam. Pengunjung juga dapat menikmati kegiatan seperti berjalan-jalan di sepanjang pantai, bermain pasir, dan menikmati makanan lokal yang lezat di warung-warung yang ada di sekitar pantai.

Pantai Paseban juga menawarkan kegiatan ekstrem seperti surfing, karena ombak di pantai ini cukup besar dan menantang. Selain itu, pengunjung juga dapat menikmati kegiatan seperti bersepeda di sepanjang pantai, menikmati keindahan alam yang eksotis, dan menikmati kegiatan fotografi karena pemandangan di pantai ini sangat menarik. Jika Anda mencari destinasi wisata pantai yang menawarkan keindahan alam yang luar biasa dan kegiatan yang menantang, maka Pantai Paseban adalah pilihan yang tepat.",assets/images/25.png,"Pantai Paseban Pantai Pantai Jember Paseban, Kec. Kencong, Kabupaten Jember, Jawa Timur Pantai Paseban adalah pantai alami di wilayah Kencong dengan panorama laut, batu karang, dan suasana tenang. Karena posisinya mungkin agak jauh dari pusat, tempat ini ideal bagi mereka yang mencari ketenangan pantai.",pantai paseban pantai pantai jember paseban kec kencong kabupaten jember jawa timur pantai paseban pantai alami wilayah kencong panorama laut batu karang suasana tenang posisinya mungkin jauh pusat tempat ideal mereka mencari ketenangan pantai,-8.3582,113.3444,Buka 24 jam,Buka 24 jam,[Unverified],[Unverified],[Unverified],Rp 5.000,Google Maps,2026-07-20,Tidak ada data
26,Pantai Bandealit,Pantai,Jember,"Area Hutan, Andongrejo, Kec. Tempurejo, Kabupaten Jember, Jawa Timur 68173","Terletak di area hutan yang indah dan sejuk, Pantai Bandealit di Jember, Jawa Timur, menawarkan pengalaman liburan yang unik dan menenangkan. Destinasi wisata ini terletak di Desa Andongrejo, Kecamatan Tempurejo, Kabupaten Jember, dan merupakan salah satu pantai tersembunyi yang masih alami dan belum terjamah oleh tekanan pariwisata massal.

Suasana di Pantai Bandealit sangat nyaman dan menenangkan, dengan hutan yang rimbun dan pohon-pohon yang tinggi menyebar di sepanjang pantai. Ombak laut yang tenang dan jernih membentang hingga ke bibir pantai, membuat pengunjung bisa menikmati keindahan alam yang masih asli. Pemandangan di sekitar pantai juga sangat indah, dengan bukit-bukit yang menjulang tinggi dan air terjun yang mengalir ke laut. Aktivitas yang bisa dilakukan di Pantai Bandealit antara lain berenang, bermain pasir, berjalan-jalan di pantai, dan menikmati keindahan alam yang masih alami. Pengunjung juga bisa menikmati kegiatan seperti hiking, bersepeda, atau bahkan menikmati kegiatan outdoor lainnya di area hutan yang sangat luas dan menantang.

Selain keindahan alamnya, Pantai Bandealit juga menawarkan keunikan lainnya, seperti adanya perpaduan antara laut dan hutan yang sangat alami. Pengunjung bisa menikmati keindahan hutan yang masih rimbun dan hijau, serta menikmati keindahan laut yang tenang dan jernih. Jika beruntung, pengunjung juga bisa melihat kehidupan liar di hutan, seperti monyet, burung, dan hewan lainnya. Dengan demikian, Pantai Bandealit menjadi destinasi wisata yang sangat cocok untuk mereka yang mencari keindahan alam yang asli dan menenangkan.",assets/images/26.png,"Pantai Bandealit Pantai Pantai Jember Area Hutan, Andongrejo, Kec. Tempurejo, Kabupaten Jember, Jawa Timur 68173 Pantai Bandealit adalah pantai di kawasan Taman Nasional Meru Betiri yang menawarkan pasir putih, laut jernih, dan vegetasi pantai seperti mangrove. Aktivitas snorkeling, berjalan pantai, atau eksplorasi pesisir sangat cocok di sini.",pantai bandealit pantai pantai jember area hutan andongrejo kec tempurejo kabupaten jember jawa timur pantai bandealit pantai kawasan taman nasional meru betiri menawarkan pasir putih laut jernih vegetasi pantai mangrove aktivitas snorkeling berjalan pantai eksplorasi pesisir sangat cocok sini,-8.4411,113.7547,07:00,16:00,[Unverified],[Unverified],[Unverified],Rp 15.000,TN Meru Betiri,2026-07-20,Tidak ada data
27,Dira Park Ambulu,Rekreasi,Jember,"Jl. Kota Blater No.KM.4, Watukebo, Andongsari, Kec. Ambulu, Kabupaten Jember, Jawa Timur 68172","Di Jawa Timur, terdapat salah satu destinasi wisata yang paling populer dan menarik, yaitu Dira Park Ambulu. Terletak di Jl. Kota Blater No.KM.4, Watukebo, Andongsari, Kec. Ambulu, Kabupaten Jember, Jawa Timur 68172, Dira Park Ambulu menawarkan pengalaman rekreasi yang tak terlupakan bagi para wisatawan. Lokasinya yang strategis dan mudah dijangkau membuat destinasi ini menjadi pilihan utama bagi mereka yang mencari suasana liburan yang santai dan menyenangkan.

Suasana di Dira Park Ambulu begitu menyenangkan, dengan udara yang sejuk dan pemandangan alam yang hijau dan asri. Anda dapat menikmati pemandangan kebun buah, sawah, dan hutan belantara yang luas, serta menikmati keindahan alam yang masih perawan. Di sini, Anda dapat melakukan berbagai aktivitas yang menyenangkan, seperti berjalan-jalan di taman, bermain air di kolam renang, atau mencoba berbagai jenis olahraga seperti sepak bola, voli, dan basket. Selain itu, Anda juga dapat menikmati berbagai jenis kuliner khas Jawa Timur, seperti gudeg, sate, dan es teler.

Di Dira Park Ambulu, Anda juga dapat menikmati berbagai jenis fasilitas yang memadai, seperti resto, café, dan kamar mandi yang bersih dan nyaman. Selain itu, destinasi ini juga dilengkapi dengan berbagai jenis fasilitas rekreasi, seperti kolam renang, arena bermain anak, dan tempat parkir yang luas. Dengan demikian, Dira Park Ambulu menjadi destinasi wisata yang lengkap dan tak terlupakan bagi para wisatawan. Jadi, jika Anda mencari destinasi wisata yang menyenangkan dan tak terlupakan, Dira Park Ambulu adalah pilihan yang tepat.",assets/images/27.png,"Dira Park Ambulu Rekreasi Rekreasi Jember Jl. Kota Blater No.KM.4, Watukebo, Andongsari, Kec. Ambulu, Kabupaten Jember, Jawa Timur 68172 Dira Park Ambulu adalah area rekreasi keluarga di Ambulu dengan taman, playground, jalur jalan santai, mungkin kolam atau elemen air, dan suasana hijau. Cocok sebagai destinasi lokal untuk warga sekitar dan wisatawan.",dira park ambulu rekreasi rekreasi jember jl kota blater no km watukebo andongsari kec ambulu kabupaten jember jawa timur dira park ambulu area rekreasi keluarga ambulu taman playground jalur jalan santai mungkin kolam elemen air suasana hijau cocok sebagai destinasi lokal warga sekitar wisatawan,-8.337,113.616,08:00,22:00,[Unverified],[Unverified],[Unverified],Rp 15.000,Situs Resmi Dira,2026-07-20,Tidak ada data
28,Dira Park Balung,Rekreasi,Jember,"PG9H+9JG, Jl. Lumajang - Jember, Krajan Lor, Balung Kulon, Kec. Balung, Kabupaten Jember, Jawa Timur 68161","Dira Park Balung adalah destinasi wisata rekreasi yang menawarkan pengalaman liburan yang luar biasa di Jember, Jawa Timur. Terletak di Jl. Lumajang - Jember, Krajan Lor, Balung Kulon, Kec. Balung, Kabupaten Jember, Jawa Timur 68161, tempat ini menarik perhatian wisatawan dengan keindahan alam yang asri dan suasana yang nyaman. Dira Park Balung terdiri dari area parkir yang luas, jalan setapak yang menyebar di antara pohon-pohon hijau, dan kolam renang yang luas yang cocok untuk berenang dan bermain air.

Suasana di Dira Park Balung sangat menenangkan, dengan pemandangan alam yang hijau dan asri. Wisatawan dapat menikmati keindahan alam dengan berjalan-jalan di sekitar area park, melihat pohon-pohon hijau yang rindang, dan mendengar suara burung-burung yang merdu. Selain itu, Dira Park Balung juga menawarkan berbagai fasilitas seperti kafe, restoran, dan toko-toko yang menjual makanan dan minuman. Wisatawan dapat menikmati makanan dan minuman yang lezat sambil menikmati keindahan alam.

Aktivitas yang bisa dilakukan di Dira Park Balung sangat beragam. Wisatawan dapat berenang di kolam renang yang luas, bermain air di area kolam renang, atau berjalan-jalan di sekitar area park. Selain itu, Dira Park Balung juga menawarkan fasilitas seperti playground untuk anak-anak, lapangan olahraga, dan area piknik yang nyaman. Wisatawan juga dapat menikmati kegiatan seperti yoga, meditasi, dan olahraga lainnya di area yang telah disediakan. Dira Park Balung adalah destinasi wisata rekreasi yang ideal untuk keluarga, pasangan, dan individu yang ingin menikmati liburan yang menyenangkan dan relaks.",assets/images/28.png,"Dira Park Balung Rekreasi Rekreasi Jember PG9H+9JG, Jl. Lumajang - Jember, Krajan Lor, Balung Kulon, Kec. Balung, Kabupaten Jember, Jawa Timur 68161 Dira Park Balung adalah taman rekreasi di Balung yang menghadirkan area terbuka, area bermain, dan pemandangan alam sekitar cocok untuk piknik, jalan santai bersama keluarga, dan refreshing.",dira park balung rekreasi rekreasi jember pg jg jl lumajang jember krajan lor balung kulon kec balung kabupaten jember jawa timur dira park balung taman rekreasi balung menghadirkan area terbuka area bermain pemandangan alam sekitar cocok piknik jalan santai bersama keluarga refreshing,-8.2721,113.5289,08:00,22:00,[Unverified],[Unverified],[Unverified],Rp 15.000,Situs Resmi Dira,2026-07-20,Tidak ada data
29,Dira Park Kencong,Rekreasi,Jember,"Jl. Krakatau No.93, Pd. Waluh, Kencong, Kec. Kencong, Kabupaten Jember, Jawa Timur 68167","Dira Park Kencong merupakan destinasi wisata rekreasi yang terletak di Jalan Krakatau No.93, Pd. Waluh, Kencong, Kec. Kencong, Kabupaten Jember, Jawa Timur 68167. Tempat ini menawarkan pengalaman liburan yang menyenangkan dan berkesan bagi pengunjung. Dira Park Kencong terletak di atas bukit yang menawarkan pemandangan alam yang indah dan memanjakan mata. Suasana yang sejuk dan teduh di tempat ini membuat pengunjung merasa nyaman dan santai.

Daya tarik utama Dira Park Kencong adalah keindahan alamnya yang memukau. Pengunjung dapat menikmati pemandangan hutan yang hijau dan rimbun, serta kebun bunga yang mekar dengan warna-warna cerah. Selain itu, tempat ini juga menawarkan berbagai fasilitas yang memadai, seperti restoran, kafe, dan kamar mandi. Aktivitas yang bisa dilakukan di Dira Park Kencong sangat beragam, mulai dari mengunjungi kebun bunga, berjalan-jalan di hutan, hingga menikmati makanan dan minuman di restoran atau kafe. Pengunjung juga dapat menikmati kegiatan outdoor seperti bersepeda, bermain golf, atau bahkan mengikuti workshop tentang tanaman dan bunga.

Selain itu, Dira Park Kencong juga menawarkan pengalaman liburan yang lebih mendalam dengan menyediakan berbagai fasilitas pendukung. Pengunjung dapat menikmati kegiatan outbound, seperti hiking, paintball, atau bahkan mengikuti program pengembangan diri. Tempat ini juga menyediakan fasilitas penginapan yang nyaman dan modern, sehingga pengunjung dapat menikmati liburan yang lebih lama dan santai. Dengan demikian, Dira Park Kencong menjadi destinasi wisata rekreasi yang wajib dikunjungi bagi pengunjung yang mencari pengalaman liburan yang menyenangkan dan berkesan.",assets/images/29.png,"Dira Park Kencong Rekreasi Rekreasi Jember Jl. Krakatau No.93, Pd. Waluh, Kencong, Kec. Kencong, Kabupaten Jember, Jawa Timur 68167 Dira Park Kencong adalah taman kota atau ruang publik di Kencong dengan area hijau, jalur berjalan, dan fasilitas sederhana untuk rekreasi kota atau keluarga.",dira park kencong rekreasi rekreasi jember jl krakatau no pd waluh kencong kec kencong kabupaten jember jawa timur dira park kencong taman kota ruang publik kencong area hijau jalur berjalan fasilitas sederhana rekreasi kota keluarga,-8.2612,113.3662,08:00,22:00,[Unverified],[Unverified],[Unverified],Rp 15.000,Situs Resmi Dira,2026-07-20,Tidak ada data
30,Rest Area Gumitir,Rekreasi,Jember,"Jl. Raya Jember-Banyuwangi No.KM.39, Curah Damar, Sidomulyo, Kec. Silo, Kabupaten Jember, Jawa Timur 68184","Rest Area Gumitir adalah destinasi wisata rekreasi yang menawarkan pengalaman menarik bagi pengunjung di Jember, Jawa Timur. Terletak di Jl. Raya Jember-Banyuwangi No.KM.39, Curah Damar, Sidomulyo, Kec. Silo, Kabupaten Jember, Jawa Timur 68184, tempat ini menawarkan suasana yang tenang dan asri, ideal untuk melepas lelah dan mengalihkan perhatian dari aktivitas sehari-hari.

Suasana yang ditawarkan oleh Rest Area Gumitir sangatlah menarik, dengan pemandangan alam hijau yang luas dan udara yang segar. Pengunjung dapat menikmati pemandangan kebun teh yang luas dan hijau, menenangkan jiwa dan menghilangkan rasa lelah. Selain itu, pengunjung juga dapat menikmati suasana yang nyaman dan tenang, dengan fasilitas yang lengkap dan nyaman. Aktivitas yang bisa dilakukan di Rest Area Gumitir antara lain berjalan-jalan di kebun teh, bersepeda, bermain badminton, atau hanya duduk-duduk sambil menikmati pemandangan. Pengunjung juga dapat menikmati hidangan khas Jawa Timur di restoran yang ada di tempat, seperti gudeg, sate, atau es teler.

Selain itu, Rest Area Gumitir juga menawarkan fasilitas yang lengkap, seperti toilet, shower, dan tempat parkir yang luas. Pengunjung juga dapat menikmati fasilitas seperti permainan anak, taman bermain, dan area bermain yang nyaman. Dengan demikian, Rest Area Gumitir menjadi destinasi wisata rekreasi yang ideal untuk keluarga, pasangan, atau individu yang ingin menikmati suasana yang tenang dan asri.",assets/images/30.png,"Rest Area Gumitir Rekreasi Rekreasi Jember Jl. Raya Jember-Banyuwangi No.KM.39, Curah Damar, Sidomulyo, Kec. Silo, Kabupaten Jember, Jawa Timur 68184 Rest Area Gumitir adalah tempat istirahat di jalur Jember–Banyuwangi, dengan fasilitas tukar istirahat, pemandangan alam, area parkir, dan mungkin warung atau fasilitas pendukung untuk pelancong yang lewat.",rest area gumitir rekreasi rekreasi jember jl raya jember banyuwangi no km curah damar sidomulyo kec silo kabupaten jember jawa timur rest area gumitir tempat istirahat jalur jember banyuwangi fasilitas tukar istirahat pemandangan alam area parkir mungkin warung fasilitas pendukung pelancong lewat,-8.2435,113.9181,08:00,21:00,[Unverified],[Unverified],[Unverified],Rp 0,Google Maps,2026-07-20,Tidak ada data
31,Situs Duplang,Situs,Jember,"Duplang, Kamal, Kec. Arjasa, Kabupaten Jember, Jawa Timur 68191","Situs Duplang merupakan destinasi wisata sejarah yang terletak di Desa Duplang, Kecamatan Arjasa, Kabupaten Jember, Jawa Timur. Terletak di atas bukit, situs ini menawarkan pemandangan yang sangat indah dan eksotis, dengan kelembutan alam dan keanggunan bangunan-bangunan tua. Daya tarik utama Situs Duplang adalah keberadaan reruntuhan bangunan peninggalan kerajaan Hindu-Buddha, yang diyakini berasal dari abad ke-9 Masehi.

Suasana di Situs Duplang sangat tenang dan damai, dengan udara yang segar dan sejuk. Pemandangan alam yang eksotis membuat pengunjung merasa seperti berada di dunia lain. Di sekitar situs, terdapat beberapa bangunan tua yang masih terawat dengan baik, seperti Candi Duplang dan Candi Bajulmati. Kedua candi ini merupakan salah satu contoh bangunan peninggalan kerajaan Hindu-Buddha di Jawa Timur, yang memiliki arsitektur yang unik dan menarik. Selain itu, pengunjung juga dapat menikmati pemandangan alam yang indah, seperti pemandangan hutan dan lembah di sekitar situs.

Pengunjung dapat melakukan beberapa aktivitas di Situs Duplang, seperti mengunjungi candi-candi peninggalan kerajaan Hindu-Buddha, berjalan-jalan di sekitar situs, dan menikmati pemandangan alam yang indah. Pengunjung juga dapat berfoto di beberapa spot yang menarik, seperti di depan candi atau di atas bukit. Selain itu, pengunjung juga dapat mempelajari tentang sejarah dan budaya kerajaan Hindu-Buddha di Jawa Timur, melalui beberapa informasi yang disediakan di situs. Dengan demikian, Situs Duplang menjadi destinasi wisata yang sangat menarik dan unik, yang dapat memberikan pengalaman yang tak terlupakan bagi pengunjung.",assets/images/31.png,"Situs Duplang Situs Situs Jember Duplang, Kamal, Kec. Arjasa, Kabupaten Jember, Jawa Timur 68191 Situs Duplang adalah situs sejarah atau arkeologi di Kecamatan Arjasa yang menyimpan jejak masa lampau — bisa berupa prasasti, bangunan kuno, atau artefak lokal. Tempat ini cocok untuk edukasi heritage dan wisata sejarah.",situs duplang situs situs jember duplang kamal kec arjasa kabupaten jember jawa timur situs duplang situs sejarah arkeologi kecamatan arjasa menyimpan jejak masa lampau bisa berupa prasasti bangunan kuno artefak lokal tempat cocok edukasi heritage wisata sejarah,-8.1105,113.7126,08:00,16:00,[Unverified],[Unverified],[Unverified],Rp 0,Google Maps,2026-07-20,Tidak ada data
32,Sendang Tirta Amerta Rajasa,Situs,Jember,"Bendelan, Arjasa, Kec. Arjasa, Kabupaten Jember, Jawa Timur 68191","Sendang Tirta Amerta Rajasa terletak di Bendelan, Arjasa, Kec. Arjasa, Kabupaten Jember, Jawa Timur 68191, merupakan sebuah situs wisata yang sangat unik dan indah. Tempat ini dikenal sebagai sumber mata air yang jernih dan alami, yang diyakini memiliki kekuatan meditasi dan pembersihan spiritual. Suasana di Sendang Tirta Amerta Rajasa sangat tenang dan damai, dipenuhi dengan semilir angin yang sejuk dan udara yang segar, membuat pengunjung merasa nyaman dan relaks.

Situs ini menawarkan pemandangan yang sangat indah dan alami, dengan latar belakang tebing-tebing tinggi dan hutan hujan yang lebat. Pengunjung dapat menikmati keindahan mata air yang jernih dan alami, serta melihat keindahan alam yang masih sangat asri dan alami. Selain itu, tempat ini juga menawarkan berbagai aktivitas yang dapat dilakukan, seperti meditasi, yoga, dan berbagai kegiatan alam lainnya. Pengunjung juga dapat menikmati keindahan alam yang masih sangat alami dan asri, serta dapat melihat keindahan mata air yang jernih dan alami. Selain itu, tempat ini juga memiliki beberapa fasilitas yang memadai, seperti toilet, tempat istirahat, dan tempat makan, sehingga pengunjung dapat menikmati pengalaman wisata yang nyaman dan menyenangkan.

Sendang Tirta Amerta Rajasa juga dikenal sebagai tempat yang sangat cocok untuk kegiatan alam seperti hiking, trekking, dan camping. Pengunjung dapat menikmati keindahan alam yang masih sangat asri dan alami, serta dapat melihat keindahan mata air yang jernih dan alami. Selain itu, tempat ini juga memiliki beberapa fasilitas yang memadai, seperti toilet, tempat istirahat, dan tempat makan, sehingga pengunjung dapat menikmati pengalaman wisata yang nyaman dan menyenangkan. Dengan demikian, Sendang Tirta Amerta Rajasa menjadi salah satu destinasi wisata yang sangat cocok untuk Anda yang mencari pengalaman wisata yang unik dan indah.",assets/images/32.png,"Sendang Tirta Amerta Rajasa Situs Situs Jember Bendelan, Arjasa, Kec. Arjasa, Kabupaten Jember, Jawa Timur 68191 Sendang Tirta Amerta Rajasa adalah tempat sumber air suci atau sendang (mata air) yang menyimpan makna religius dan tradisi lokal. Pengunjung bisa berziarah, menikmati suasana tenang, dan belajar nilai budaya lokal.",sendang tirta amerta rajasa situs situs jember bendelan arjasa kec arjasa kabupaten jember jawa timur sendang tirta amerta rajasa tempat sumber air suci sendang mata air menyimpan makna religius tradisi lokal pengunjung bisa berziarah menikmati suasana tenang belajar nilai budaya lokal,[Unverified],[Unverified],[Unverified],[Unverified],[Unverified],[Unverified],[Unverified],[Unverified],[Unverified],[Unverified],Tidak ada data
33,Situs Calok,Situs,Jember,"Padukuhan Salak, Calok, Arjasa, Kec. Arjasa, Kabupaten Jember, Jawa Timur 68191","Situs Calok merupakan salah satu destinasi wisata sejarah yang terletak di Padukuhan Salak, Calok, Arjasa, Kec. Arjasa, Kabupaten Jember, Jawa Timur 68191. Lokasinya yang strategis dan alam yang masih asri membuat Situs Calok menjadi salah satu destinasi wisata yang paling menarik di Jember. Situs Calok sendiri merupakan sebuah kompleks bangunan peninggalan sejarah yang dibangun pada abad ke-17, yang menurutcatatan sejarah merupakan tempat pertemuan para ulama dan raja-raja pada masa lalu.

Suasana di Situs Calok sangatlah kental dengan suasana religius dan sejarah. Pemandangan di sekitar situs ini sangatlah menarik, dengan suasana alam yang masih asri dan hijau. Anda dapat menikmati keindahan alam sekitar situs, seperti pemandangan sawah dan persawahan yang luas, serta pemandangan hutan hujan yang masih terjaga dengan baik. Selain itu, Anda juga dapat menikmati keindahan bangunan-bangunan peninggalan sejarah yang masih terawat dengan baik. Aktivitas yang dapat dilakukan di Situs Calok antara lain adalah mengunjungi bangunan-bangunan peninggalan sejarah, seperti Masjid Agung Calok, makam-makam ulama dan raja-raja, serta melihat-lihat koleksi kerajinan tangan dan souvenir yang dijual di sekitar situs. Anda juga dapat berjalan-jalan di sekitar situs dan menikmati keindahan alam sekitar. Selain itu, Anda juga dapat mengikuti acara-acara budaya dan religius yang diadakan di situs ini, seperti upacara adat dan pertandingan tradisional.",assets/images/33.png,"Situs Calok Situs Situs Jember Padukuhan Salak, Calok, Arjasa, Kec. Arjasa, Kabupaten Jember, Jawa Timur 68191 Situs Calok adalah lokasi bersejarah di Arjasa yang mungkin memiliki struktur kuno, artefak, atau peninggalan budaya. Tempat ini menarik bagi yang ingin menjelajah aspek sejarah dan arkeologi lokal.",situs calok situs situs jember padukuhan salak calok arjasa kec arjasa kabupaten jember jawa timur situs calok lokasi bersejarah arjasa mungkin memiliki struktur kuno artefak peninggalan budaya tempat menarik ingin menjelajah aspek sejarah arkeologi lokal,[Unverified],[Unverified],[Unverified],[Unverified],[Unverified],[Unverified],[Unverified],[Unverified],[Unverified],[Unverified],Tidak ada data
34,Watu Gong,Situs,Jember,"Jl. Airlangga No.17, Gudang Rejo, Rambipuji, Kec. Rambipuji, Kabupaten Jember, Jawa Timur 68152","Tamu terhormat, destinasi wisata unik di Jawa Timur, yaitu Watu Gong, menanti di Jember. Terletak di Jl. Airlangga No.17, Gudang Rejo, Rambipuji, Kec. Rambipuji, Kabupaten Jember, Jawa Timur 68152, lokasi ini menawarkan pengalaman menarik bagi pecinta sejarah dan keindahan alam. Sebagai situs yang terkenal karena keindahan batu gampingnya, Watu Gong menawarkan pemandangan yang unik dan menarik, membuat pengunjung merasa terkesan dan berkesan.

Suasana yang tenang dan damai menghantui setiap sudut kompleks wisata ini, di mana pengunjung dapat menikmati keindahan alam yang asli dan alami. Pemandangan yang luas dan menakjubkan akan membuat Anda merasa terhubung dengan keindahan alam yang murni. Selain itu, aktivitas yang dapat dilakukan di sini sangat beragam, mulai dari berfoto di depan patung Batu Gong, mengunjungi situs peninggalan sejarah, hingga menikmati keindahan alam yang ada di sekitar wisata. Anda dapat berjalan-jalan di sekitar kompleks wisata sambil menikmati keindahan alam dan suasana yang tenang. Selain itu, Anda juga dapat berbelanja oleh-oleh khas Jember di sekitar kompleks wisata, seperti makanan khas Jember dan kerajinan tangan.

Sejarah yang tersimpan di balik keindahan Watu Gong ini sangat menarik untuk diketahui. Batu Gong ini diyakini memiliki hubungan yang erat dengan kepercayaan masyarakat lokal, yaitu sebagai tempat peribadahan bagi masyarakat sekitar. Keindahan dan keunikan Batu Gong ini membuatnya menjadi salah satu destinasi wisata yang wajib dikunjungi di Jember. Jangan ragu untuk datang dan menikmati keindahan alam dan sejarah yang tersimpan di Watu Gong.",assets/images/34.png,"Watu Gong Situs Situs Jember Jl. Airlangga No.17, Gudang Rejo, Rambipuji, Kec. Rambipuji, Kabupaten Jember, Jawa Timur 68152 Watu Gong adalah situs batu khas di Rambipuji yang mungkin memiliki bentuk atau legenda lokal unik sering dikaitkan dengan budaya lokal atau cerita rakyat. Daya tariknya terletak pada batu besar dan cerita di baliknya.",watu gong situs situs jember jl airlangga no gudang rejo rambipuji kec rambipuji kabupaten jember jawa timur watu gong situs batu khas rambipuji mungkin memiliki bentuk legenda lokal unik sering dikaitkan budaya lokal cerita rakyat daya tariknya terletak pada batu besar cerita baliknya,-8.1215,113.7258,08:00,16:00,[Unverified],[Unverified],[Unverified],Rp 0,Google Maps,2026-07-20,Tidak ada data
35,Candi Deres,Situs,Jember,"Krajan, Purwoasri, Kec. Gumukmas, Kabupaten Jember, Jawa Timur 68165","Candi Deres adalah salah satu destinasi wisata situs yang paling unik dan menarik di Kabupaten Jember, Jawa Timur. Terletak di Krajan, Purwoasri, Kec. Gumukmas, Candi Deres menawarkan pengalaman wisata budaya yang mendalam dan menyimpan sejarah yang kaya. Terdiri dari beberapa struktur bangunan candi yang masih terjaga dengan baik, Candi Deres menjadi saksi bisu peradaban Majapahit yang pernah berkuasa di wilayah ini.

Suasana di sekitar Candi Deres sangat tenang dan damai, dengan hutan bambu dan pohon-pohon tinggi yang melindungi dan melindungi struktur bangunan candi. Pemandangan alam di sekitar candi juga sangat indah, dengan gunung-gunung kecil dan lembah-lembah hijau yang menambah keindahan alam. Anda bisa menikmati momen sunyi saat matahari terbit atau terbenam di atas candi, atau menikmati keindahan alam di pagi hari saat masih gelap. Aktivitas yang bisa dilakukan di Candi Deres antara lain meneliti dan mengamati struktur bangunan candi, berfoto di depan candi, dan menikmati keindahan alam sekitar. Anda juga bisa berjalan-jalan di sekitar candi dan menemukan berbagai jenis tanaman dan hewan yang hidup di sekitar candi. Selain itu, Anda juga bisa mengikuti tur wisata budaya yang ditawarkan oleh pihak setempat untuk mendapatkan informasi lebih lanjut tentang sejarah dan budaya di Candi Deres.

Candi Deres juga menjadi salah satu destinasi wisata yang sangat populer di kalangan pelancong yang mencari pengalaman wisata budaya yang autentik. Dengan struktur bangunan candi yang masih terjaga dengan baik dan suasana yang tenang dan damai, Candi Deres menjadi tempat yang sangat tepat untuk Anda yang ingin menikmati pengalaman wisata budaya yang mendalam. Jangan lupa untuk membawa kamera Anda untuk mengabadikan momen-momen indah di Candi Deres, serta membawa minum dan makanan untuk menikmati momen-momen dengan lebih santai.",assets/images/35.png,"Candi Deres Situs Situs Jember Krajan, Purwoasri, Kec. Gumukmas, Kabupaten Jember, Jawa Timur 68165 Candi Deres adalah situs candi atau reruntuhan kuno di Gumukmas, Jember. Tempat ini menawarkan nuansa sejarah, arsitektur kuno, dan kesempatan eksplorasi situs peninggalan masa lampau.",candi deres situs situs jember krajan purwoasri kec gumukmas kabupaten jember jawa timur candi deres situs candi reruntuhan kuno gumukmas jember tempat menawarkan nuansa sejarah arsitektur kuno kesempatan eksplorasi situs peninggalan masa lampau,-8.2323,113.3855,08:00,16:00,[Unverified],[Unverified],[Unverified],Rp 0,Google Maps,2026-07-20,Tidak ada data
36,Air Terjun Anugerah,Air Terjun,Jember,"Gendir, Klungkung, Kec. Sukorambi, Kabupaten Jember, Jawa Timur 68151","Air Terjun Anugerah, sebuah destinasi wisata alam yang terletak di Kecamatan Sukorambi, Kabupaten Jember, Jawa Timur, menawarkan pengalaman yang tak terlupakan bagi pengunjung. Terletak di lokasi yang strategis, air terjun ini menawarkan pemandangan yang spektakuler dan suasana yang sejuk serta teduh. Air Terjun Anugerah terdiri dari beberapa tingkatan air terjun yang mengalir dengan deras, menciptakan gelembung air yang menarik dan suara gemuruh yang khas.

Dengan ketinggian air terjun yang mencapai 10 meter, pengunjung dapat menikmati pemandangan yang indah dan unik. Suasana sekitar air terjun sangat teduh dan sejuk, sehingga cocok untuk pengunjung yang mencari tempat beristirahat dan relaksasi. Selain itu, pengunjung juga dapat menikmati keindahan alam sekitar, termasuk hutan yang hijau dan beragam jenis tanaman dan bunga yang indah. Aktivitas yang dapat dilakukan di Air Terjun Anugerah antara lain berenang, bermain air, dan berfoto-foto untuk mengabadikan momen tersebut. Pengunjung juga dapat menikmati makanan dan minuman yang disediakan di tempat, seperti makanan khas Jawa dan minuman segar.

Air Terjun Anugerah juga menawarkan kesempatan bagi pengunjung untuk melakukan berbagai kegiatan outdoor, seperti hiking dan camping. Lokasi air terjun yang strategis dan dekat dengan kota membuatnya menjadi pilihan yang tepat bagi pengunjung yang ingin menikmati alam dan melakukan kegiatan outdoor. Dengan fasilitas yang lengkap dan layanan yang ramah, Air Terjun Anugerah menjadi destinasi wisata yang wajib dikunjungi bagi pengunjung yang ingin menikmati keindahan alam dan melakukan kegiatan outdoor yang menantang.",assets/images/36.png,"Air Terjun Anugerah Air Terjun Air Terjun Jember Gendir, Klungkung, Kec. Sukorambi, Kabupaten Jember, Jawa Timur 68151 Air Terjun Anugerah adalah air terjun tersembunyi di Sukorambi yang menawarkan keindahan alam, trek alam, dan suasana damai. Pengunjung bisa merasakan alam yang masih asri dan segar.",air terjun anugerah air terjun air terjun jember gendir klungkung kec sukorambi kabupaten jember jawa timur air terjun anugerah air terjun tersembunyi sukorambi menawarkan keindahan alam trek alam suasana damai pengunjung bisa merasakan alam asri segar,[Unverified],[Unverified],[Unverified],[Unverified],[Unverified],[Unverified],[Unverified],[Unverified],[Unverified],[Unverified],Tidak ada data
37,Gumuk Watu,Rekreasi,Jember,"Dusun Dukuh, Dukuh Dempok, Kec. Wuluhan, Kabupaten Jember, Jawa Timur 68162","Gumuk Watu, sebuah destinasi wisata rekreasi yang menawarkan pengalaman unik dan mengesankan di Jember, Jawa Timur. Terletak di Dusun Dukuh, Dukuh Dempok, Kec. Wuluhan, Kabupaten Jember, Gumuk Watu menawarkan pemandangan alam yang luar biasa dengan bukit-bukit kecil dan tebing-tebing curam yang membentang luas. Suasana sekitarnya yang tenang dan damai membuat wisatawan merasa santai dan nyaman untuk menikmati keindahan alam ini.

Aktivitas utama yang bisa dilakukan di Gumuk Watu adalah hiking dan berjalan-jalan di sekitar bukit-bukit kecil. Wisatawan dapat menikmati pemandangan panorama alam yang indah dari atas bukit, sambil menikmati udara segar dan hangat matahari. Selain itu, terdapat beberapa spot foto yang menarik, seperti puncak bukit yang menawarkan pemandangan 360 derajat dan tebing-tebing curam yang dapat dijadikan lokasi selfie. Wisatawan juga dapat menikmati makanan khas daerah setempat, seperti sate dan nasi goreng, di salah satu warung yang tersedia di sekitar Gumuk Watu.

Gumuk Watu juga menawarkan kegiatan lainnya seperti menemukan fosil-fosil laut purba, seperti kerang dan kerangka ikan. Aktivitas ini dapat dilakukan dengan berjalan-jalan di sekitar tebing-tebing curam dan meninjau area-area yang telah ditandai. Selain itu, terdapat juga fasilitas-fasilitas lainnya seperti toilet, tempat parkir, dan warung-warung makanan. Oleh karena itu, Gumuk Watu menjadi salah satu destinasi wisata rekreasi yang wajib dikunjungi di Jember, Jawa Timur.",assets/images/37.png,"Gumuk Watu Rekreasi Rekreasi Jember Dusun Dukuh, Dukuh Dempok, Kec. Wuluhan, Kabupaten Jember, Jawa Timur 68162 Gumuk Watu adalah formasi bukit pasir atau bukit batu di Dukuh Dempok, Wuluhan, Jember. Tempat ini cocok untuk petualangan alam, foto estetik, dan eksplorasi pemandangan gurun kecil di tengah suasana alam tropis.",gumuk watu rekreasi rekreasi jember dusun dukuh dukuh dempok kec wuluhan kabupaten jember jawa timur gumuk watu formasi bukit pasir bukit batu dukuh dempok wuluhan jember tempat cocok petualangan alam foto estetik eksplorasi pemandangan gurun kecil tengah suasana alam tropis,[Unverified],[Unverified],[Unverified],[Unverified],[Unverified],[Unverified],[Unverified],[Unverified],[Unverified],[Unverified],Tidak ada data
38,Gading Sari,Agrowisata,Jember,"Perumahan Taman Gading, Tumpengsari, Tegal Besar, Kaliwates, Jember Regency, East Java 68131","Gading Sari, sebuah destinasi agrowisata yang terletak di Perumahan Taman Gading, Tumpengsari, Tegal Besar, Kaliwates, Kabupaten Jember, Jawa Timur, menawarkan pengalaman petualangan alam yang menyenangkan bagi wisatawan. Lokasinya yang strategis dan indah menjadikannya tempat wisata yang sangat populer di kalangan masyarakat setempat dan wisatawan asing. Area ini dikelilingi oleh hutan hijau dan sawah yang luas, sehingga memberikan suasana yang sejuk dan damai.

Suasana di Gading Sari sangat mendukung untuk aktivitas wisata alam, seperti berjalan-jalan di hutan, bersepeda, atau hanya duduk-duduk menikmati keindahan alam. Wisatawan dapat menikmati pemandangan sawah yang luas dan hijau, serta menikmati keindahan alam yang masih alami. Selain itu, area ini juga menyediakan fasilitas untuk kegiatan wisata seperti kolam renang, taman bermain, dan lapangan sepak bola. Wisatawan juga dapat menikmati berbagai jenis buah-buahan segar yang dipanen langsung dari kebun, seperti buah mangga, buah naga, dan buah jeruk. Aktivitas lainnya yang dapat dilakukan di Gading Sari adalah mengunjungi kebun sayuran dan membantu proses panen, atau bahkan menginap di penginapan yang disediakan untuk menikmati suasana alam yang lebih intens.

Dengan fasilitas yang lengkap dan pemandangan alam yang indah, Gading Sari merupakan destinasi wisata yang sangat cocok untuk keluarga, anak-anak, dan bahkan wisatawan yang mencari pengalaman petualangan alam yang nyata. Selain itu, area ini juga sangat populer sebagai tempat untuk acara pernikahan, ulang tahun, atau bahkan meeting bisnis. Jadi, jika Anda mencari destinasi wisata yang menyenangkan, alami, dan menyegarkan, Gading Sari adalah pilihan yang tepat.",assets/images/38.png,"Gading Sari Agrowisata Agrowisata Jember Perumahan Taman Gading, Tumpengsari, Tegal Besar, Kaliwates, Jember Regency, East Java 68131 Gading Sari adalah kawasan agrowisata atau area hijau di Tumpengsari, Jember. Bisa mencakup kebun tanaman, area hijau terbuka, dan spot foto menarik.",gading sari agrowisata agrowisata jember perumahan taman gading tumpengsari tegal besar kaliwates jember regency east java gading sari kawasan agrowisata area hijau tumpengsari jember bisa mencakup kebun tanaman area hijau terbuka spot foto menarik,[Unverified],[Unverified],[Unverified],[Unverified],[Unverified],[Unverified],[Unverified],[Unverified],[Unverified],[Unverified],Tidak ada data
39,Boma Gunung Pasang,Agrowisata,Jember,"Afdeling Boma Gunung Pasang, Argopuro, Guplek, Suci, Kec. Panti, Kabupaten Jember, Jawa Timur 68153","Boma Gunung Pasang merupakan sebuah destinasi wisata agrowisata yang terletak di Afdeling Boma Gunung Pasang, Argopuro, Guplek, Suci, Kec. Panti, Kabupaten Jember, Jawa Timur. Di sini, pengunjung dapat menikmati keindahan alam yang masih asli dan alami, serta berbagai aktivitas yang menarik dan menyenangkan yang dapat dilakukan bersama keluarga, teman, atau bahkan sendiri. Lokasi wisata ini terletak di dataran tinggi, sehingga pengunjung dapat menikmati pemandangan yang sangat indah dan sejuk.

Ketika berada di Boma Gunung Pasang, pengunjung dapat merasakan suasana yang sangat asri dan alami. Di sini, pengunjung dapat berjalan-jalan di tengah-tengah kebun buah-buahan, sayur-sayuran, dan tanaman hias yang sangat luas dan indah. Anda dapat melihat langsung bagaimana petani berusaha untuk memelihara kebun mereka dengan sangat baik dan teliti. Selain itu, pengunjung juga dapat menikmati pemandangan yang sangat indah dari Gunung Argopuro yang terletak di sekitar lokasi wisata ini. Anda dapat melihat pemandangan yang sangat menakjubkan dari atas kawah Gunung Argopuro, yang terletak di ketinggian 3.088 meter di atas permukaan laut. Selain itu, pengunjung juga dapat menikmati keindahan alam yang sangat indah dari sungai yang mengalir di sekitar lokasi wisata ini.

Di Boma Gunung Pasang, pengunjung dapat melakukan berbagai aktivitas yang menarik dan menyenangkan. Pengunjung dapat berjalan-jalan di tengah-tengah kebun buah-buahan, sayur-sayuran, dan tanaman hias yang sangat luas dan indah. Pengunjung juga dapat menikmati keindahan alam yang sangat indah dari Gunung Argopuro dan sungai yang mengalir di sekitar lokasi wisata ini. Selain itu, pengunjung juga dapat berenang di kolam renang yang terletak di lokasi wisata ini. Anda juga dapat menikmati berbagai hidangan khas Jawa Timur yang sangat lezat dan segar, seperti gudeg, sate, dan es teler. Pengunjung juga dapat mengikuti berbagai program edukasi yang menarik, seperti program penanaman bibit tanaman dan program pelatihan peternakan sapi. Selain itu, pengunjung juga dapat menikmati berbagai fasilitas yang tersedia di lokasi wisata ini, seperti toilet, mushola, dan tempat parkir yang luas. Jadi, jika Anda ingin menikmati keindahan alam yang sangat indah dan menyenangkan, maka Boma Gunung Pasang adalah destinasi wisata yang tepat untuk Anda kunjungi.",assets/images/39.png,"Boma Gunung Pasang Agrowisata Agrowisata Jember Afdeling Boma Gunung Pasang, Argopuro, Guplek, Suci, Kec. Panti, Kabupaten Jember, Jawa Timur 68153 Boma Gunung Pasang adalah lahan agrowisata di lereng Argopuro, Panti, Jember. Pengunjung dapat menjelajah kebun tanaman, menikmati panorama pegunungan, serta merasakan suasana alam tinggi.",boma gunung pasang agrowisata agrowisata jember afdeling boma gunung pasang argopuro guplek suci kec panti kabupaten jember jawa timur boma gunung pasang lahan agrowisata lereng argopuro panti jember pengunjung menjelajah kebun tanaman menikmati panorama pegunungan merasakan suasana alam tinggi,-8.0833,113.5855,08:00,16:00,[Unverified],[Unverified],[Unverified],Rp 10.000,Google Maps,2026-07-20,Tidak ada data
40,Puncak Badean,Rekreasi,Jember,"Puncak Badean, Unnamed Road, Krajan II, Badean, Kec. Bangsalsari, Kabupaten Jember, Jawa Timur 68154","Puncak Badean adalah salah satu destinasi wisata rekreasi yang paling populer di Kabupaten Jember, Jawa Timur. Terletak di ketinggian sekitar 1.200 meter di atas permukaan laut, Puncak Badean menawarkan pemandangan alam yang luar biasa indah dan menenangkan. Suasana di sini sangat sejuk dan segar, dengan udara yang bersih dan segar, sehingga sangat cocok untuk Anda yang ingin melepaskan diri dari kepenatan dan stres sehari-hari.

Puncak Badean menawarkan pemandangan alam yang sangat indah, dengan hamparan hutan yang hijau dan lebat yang menutupi gunung-gunung kecil di sekitar kawasan wisata. Di pagi hari, Anda dapat menikmati pemandangan matahari terbit yang sangat indah, dengan sinar matahari yang menyinari puncak gunung dan menutupi hutan dengan cahaya yang lembut. Sementara itu, di sore hari, Anda dapat menikmati pemandangan matahari terbenam yang sangat indah, dengan warna-warna merah dan oranye yang memanfaatkan langit. Selain itu, Anda juga dapat menikmati aktivitas seperti hiking, camping, dan bersepeda, sehingga Anda dapat menikmati keindahan alam Puncak Badean secara langsung. Di malam hari, Anda dapat menikmati kegiatan seperti berbaring di bawah bintang-bintang yang berkelap-kelip di langit malam, sehingga Anda dapat merasakan keindahan alam Puncak Badean dengan cara yang lebih mendalam.

Puncak Badean juga menawarkan fasilitas yang sangat lengkap, termasuk restoran, kafe, dan penginapan yang dapat memenuhi kebutuhan Anda. Selain itu, Anda juga dapat menikmati kegiatan seperti bermain game, bermain musik, dan berpartisipasi dalam kegiatan-kegiatan komunitas, sehingga Anda dapat merasakan kehidupan komunitas di Puncak Badean secara langsung. Jadi, jika Anda ingin menikmati keindahan alam yang luar biasa dan merasakan kehidupan komunitas yang sangat mendukung, maka Puncak Badean adalah destinasi wisata rekreasi yang sangat tepat bagi Anda.",assets/images/40.png,"Puncak Badean Rekreasi Rekreasi Jember Puncak Badean, Unnamed Road, Krajan II, Badean, Kec. Bangsalsari, Kabupaten Jember, Jawa Timur 68154 Puncak Badean adalah puncak perbukitan di Badean, Bangsalsari, Jember, yang menyuguhkan panorama alam dan udara segar. Cocok untuk hiking ringan, menikmati sunrise/sunset, atau aktivitas alam terbuka.",puncak badean rekreasi rekreasi jember puncak badean unnamed road krajan ii badean kec bangsalsari kabupaten jember jawa timur puncak badean puncak perbukitan badean bangsalsari jember menyuguhkan panorama alam udara segar cocok hiking ringan menikmati sunrise sunset aktivitas alam terbuka,-8.113,113.6067,08:00,16:00,[Unverified],[Unverified],[Unverified],Rp 5.000,Google Maps,2026-07-20,Tidak ada data
41,Citra Mandiri,Rekreasi,Jember,"Jl. Projo Diharjo, Tegalbago, Arjasa, Kec. Arjasa, Kabupaten Jember, Jawa Timur 68191","Citra Mandiri, sebuah destinasi wisata rekreasi yang terletak di Jl. Projo Diharjo, Tegalbago, Arjasa, Kec. Arjasa, Kabupaten Jember, Jawa Timur 68191, menawarkan pengalaman liburan yang unik dan menyenangkan bagi wisatawan. Lokasinya yang strategis dan alamnya yang indah membuat Citra Mandiri menjadi pilihan yang tepat untuk mereka yang ingin menikmati keindahan alam dan beristirahat dari kepadatan kota.

Suasana di Citra Mandiri sangat menyegarkan, dengan udara yang segar dan pemandangan alam yang indah. Anda dapat menikmati keindahan hutan hijau, air terjun, dan danau yang terletak di sekitar area wisata ini. Selain itu, Citra Mandiri juga menawarkan berbagai aktivitas yang dapat dilakukan, seperti berenang di danau, berjalan-jalan di sekitar hutan, atau bahkan bersepeda untuk menikmati pemandangan alam yang indah. Anda juga dapat menikmati kegiatan bermain air, seperti berenang atau bermain air di air terjun yang terletak di dekat area wisata ini. Selain itu, Citra Mandiri juga menawarkan fasilitas rekreasi yang lengkap, seperti restoran, kafe, dan tempat istirahat yang nyaman.

Citra Mandiri juga menawarkan kesempatan untuk berinteraksi dengan alam dan melakukan aktivitas outdoor yang menyenangkan. Anda dapat menikmati kegiatan seperti fishing, camping, atau bahkan berpetualang di hutan hijau yang terletak di sekitar area wisata ini. Selain itu, Citra Mandiri juga menawarkan paket wisata yang lengkap, sehingga Anda dapat menikmati keindahan alam dan berbagai aktivitas yang ditawarkan tanpa harus khawatir tentang biaya atau fasilitas. Dengan demikian, Citra Mandiri menjadi destinasi wisata rekreasi yang sangat cocok untuk mereka yang ingin menikmati keindahan alam dan beristirahat dari kepadatan kota.",assets/images/41.png,"Citra Mandiri Rekreasi Rekreasi Jember Jl. Projo Diharjo, Tegalbago, Arjasa, Kec. Arjasa, Kabupaten Jember, Jawa Timur 68191 Citra Mandiri memungkinkan area rekreasi terpadu di Arjasa dengan taman, panorama alam, dan fasilitas pengunjung yang memadai. Bisa menjadi destinasi alternatif di pusat kecamatan.",citra mandiri rekreasi rekreasi jember jl projo diharjo tegalbago arjasa kec arjasa kabupaten jember jawa timur citra mandiri memungkinkan area rekreasi terpadu arjasa taman panorama alam fasilitas pengunjung memadai bisa menjadi destinasi alternatif pusat kecamatan,[Unverified],[Unverified],[Unverified],[Unverified],[Unverified],[Unverified],[Unverified],[Unverified],[Unverified],[Unverified],Tidak ada data
42,Lariszoo,Rekreasi,Jember,"Jl. Raya Kraton no 4 dsn kraton, kec. kencong, J3mber, Kabupaten Jember, Jawa Timur 68167","Laris Zoo adalah salah satu destinasi wisata rekreasi yang terletak di Jember, Jawa Timur, yang menawarkan pengalaman yang menarik dan menyenangkan bagi pengunjung. Terletak di Jl. Raya Kraton no 4 dsn Kraton, kec. Kencong, Jember, Kabupaten Jember, Jawa Timur 68167, Lariszoo menawarkan suasana yang sejuk dan asri, dengan pemandangan alam yang indah dan luas. Keberadaan Lariszoo di tengah kota Jember membuatnya menjadi pilihan yang tepat bagi mereka yang ingin menikmati liburan yang menyenangkan dan relaks.

Di Lariszoo, pengunjung dapat menikmati berbagai kegiatan yang menarik, seperti melihat lebih dekat dengan berbagai jenis hewan liar dan eksotis, seperti gajah, harimau, buaya, dan banyak lagi. Pengunjung juga dapat menikmati fasilitas yang tersedia, seperti wahana permainan anak, taman bermain, dan kolam renang. Selain itu, Lariszoo juga menawarkan pilihan kuliner yang lezat, sehingga pengunjung dapat menikmati makanan yang segar dan enak. Suasana yang sejuk dan asri di Lariszoo membuatnya menjadi destinasi wisata yang ideal untuk keluarga, pasangan, dan bahkan anak-anak.

Keunikan Lariszoo terletak pada keberadaannya di tengah kota Jember, sehingga pengunjung dapat menikmati liburan yang menyenangkan dan relaks sambil masih dekat dengan kota. Selain itu, Lariszoo juga menawarkan pilihan aktivitas yang menarik, seperti bersepeda, berjalan-jalan, dan berfoto di berbagai spot yang menarik. Dengan demikian, Lariszoo menjadi destinasi wisata yang wajib dikunjungi bagi mereka yang ingin menikmati liburan yang menyenangkan dan relaks di Jember.",assets/images/42.png,"Lariszoo Rekreasi Rekreasi Jember Jl. Raya Kraton no 4 dsn kraton, kec. kencong, J3mber, Kabupaten Jember, Jawa Timur 68167 Lariszoo adalah kebun binatang lokal di Kencong dengan koleksi hewan ringan dan rekreasi keluarga. Tempat yang nyaman untuk orang tua dan anak menikmati interaksi satwa.",lariszoo rekreasi rekreasi jember jl raya kraton no dsn kraton kec kencong mber kabupaten jember jawa timur lariszoo kebun binatang lokal kencong koleksi hewan ringan rekreasi keluarga tempat nyaman orang tua anak menikmati interaksi satwa,[Unverified],[Unverified],[Unverified],[Unverified],[Unverified],[Unverified],[Unverified],[Unverified],[Unverified],[Unverified],Tidak ada data
43,Seger Nusantara,Rekreasi,Jember,"Prasian, Jatian, Kec. Pakusari, Kabupaten Jember, Jawa Timur 68181","Seger Nusantara, sebuah destinasi wisata rekreasi yang terletak di Prasian, Jatian, Kecamatan Pakusari, Kabupaten Jember, Jawa Timur 68181, menawarkan pengalaman liburan yang tak terlupakan bagi pengunjung. Lokasinya yang strategis dan alam yang masih asri membuat Seger Nusantara menjadi pilihan tepat bagi mereka yang ingin melepaskan diri dari kebiasaan sehari-hari dan menikmati keindahan alam.

Seger Nusantara menawarkan daya tarik utama yang sangat menarik, yaitu pemandangan alam yang masih asri dan alami. Di sini, pengunjung dapat menikmati keindahan perbukitan hijau yang membentang luas, serta keindahan air terjun yang airnya mengalir deras ke bawah. Suasana di Seger Nusantara sangatlah tenang dan damai, sehingga membuat pengunjung merasa nyaman dan santai. Selain itu, pengunjung juga dapat menikmati kegiatan-kegiatan rekreasi seperti hiking, camping, dan berenang di kolam alami. Aktivitas ini dapat dilakukan oleh semua kalangan, baik anak-anak maupun dewasa. Di malam hari, pengunjung dapat menikmati keindahan bintang-bintang yang terlihat jelas di langit malam yang gelap. Seger Nusantara juga menawarkan fasilitas yang lengkap, seperti restoran, kafe, dan penginapan, sehingga pengunjung dapat menikmati liburan mereka dengan nyaman dan tenang.

Selain itu, Seger Nusantara juga menawarkan kegiatan-kegiatan edukatif dan kreatif yang dapat dinikmati oleh pengunjung. Di sini, pengunjung dapat menikmati kegiatan seperti pembuatan kerajinan tangan, pertanian organik, dan kegiatan lainnya yang terkait dengan alam. Seger Nusantara juga menawarkan pelatihan dan workshop yang dapat membantu pengunjung meningkatkan keterampilan dan pengetahuan mereka tentang alam dan lingkungan. Dengan demikian, Seger Nusantara menjadi destinasi wisata rekreasi yang sangat menarik dan bermanfaat bagi pengunjung.",assets/images/43.png,"Seger Nusantara Rekreasi Rekreasi Jember Prasian, Jatian, Kec. Pakusari, Kabupaten Jember, Jawa Timur 68181 Seger Nusantara adalah taman rekreasi atau space terbuka di Pakusari, Jember, yang menghadirkan elemen alam, area acara komunitas, taman lanskap, dan spot foto menarik.",seger nusantara rekreasi rekreasi jember prasian jatian kec pakusari kabupaten jember jawa timur seger nusantara taman rekreasi space terbuka pakusari jember menghadirkan elemen alam area acara komunitas taman lanskap spot foto menarik,-8.1367,113.7844,07:00,17:00,[Unverified],[Unverified],[Unverified],Rp 10.000,Google Maps,2026-07-20,Tidak ada data
44,Puncak SJ88,Panorama,Jember,"Gujuran B, Sucopangepok, Kec. Jelbuk, Kabupaten Jember, Jawa Timur 68192","Puncak SJ88, sebuah destinasi wisata panorama yang tidak pernah gagal menarik perhatian pengunjung. Terletak di Gujuran B, Sucopangepok, Kecamatan Jelbuk, Kabupaten Jember, Jawa Timur, Puncak SJ88 menawarkan pemandangan alam yang luar biasa indah dan menakjubkan. Setibanya di atas puncak, pengunjung akan disambut oleh suasana yang sejuk dan tenang, terlepas dari cuaca apapun. Pemandangan sekitar adalah padang rumput hijau yang membentang luas, dengan gunung-gunung kecil di kejauhan yang menambah keindahan alam.

Puncak SJ88 menawarkan berbagai aktivitas yang bisa dilakukan bagi pengunjung. Mulai dari berjalan-jalan di atas puncak, menikmati pemandangan alam yang indah, hingga berburu foto dengan latar belakang alam yang menakjubkan. Pengunjung juga bisa menikmati kegiatan rekreasi seperti camping, hiking, dan menikmati kehidupan malam di atas puncak. Selain itu, Puncak SJ88 juga menawarkan kemudahan aksesibilitas dan fasilitas yang memadai, sehingga pengunjung bisa menikmati liburan dengan nyaman dan tenang. Fasilitas-fasilitas yang tersedia antara lain toilet, tempat parkir yang luas, dan warung-warung yang menyediakan makanan dan minuman.

Puncak SJ88 adalah destinasi wisata panorama yang harus dikunjungi bagi siapa saja yang ingin menikmati keindahan alam dan suasana yang sejuk dan tenang. Dengan pemandangan alam yang luar biasa indah dan berbagai aktivitas yang bisa dilakukan, Puncak SJ88 menawarkan pengalaman liburan yang tidak akan terlupakan. Jadi, tidak ada alasan lagi untuk tidak mengunjungi Puncak SJ88, destinasi wisata panorama yang menakjubkan di Jember.",assets/images/44.png,"Puncak SJ88 Panorama Panorama Jember Gujuran B, Sucopangepok, Kec. Jelbuk, Kabupaten Jember, Jawa Timur 68192 Puncak SJ88 adalah wilayah panorama di Jelbuk yang menawarkan sudut pandang ketinggian serta suasana alam – cocok untuk melihat pemandangan kota dan langit lepas.",puncak sj panorama panorama jember gujuran sucopangepok kec jelbuk kabupaten jember jawa timur puncak sj wilayah panorama jelbuk menawarkan sudut pandang ketinggian suasana alam cocok melihat pemandangan kota langit lepas,-8.2435,113.7312,06:00,17:00,[Unverified],[Unverified],[Unverified],Rp 5.000,Google Maps,2026-07-20,Tidak ada data
45,Skyland Paralayang,Panorama,Jember,"Area Hutan, Tj. Rejo, Kec. Wuluhan, Kabupaten Jember, Jawa Timur 68162","Skyland Paralayang terletak di Area Hutan, Tj. Rejo, Kec. Wuluhan, Kabupaten Jember, Jawa Timur 68162, merupakan destinasi wisata yang menawarkan pengalaman unik bagi pengunjung. Destinasi ini menempati lokasi yang strategis, yaitu di tengah hutan yang masih asri dan alami, sehingga pengunjung dapat menikmati pemandangan alam yang masih terjaga keasriannya.

Daya tarik utama Skyland Paralayang adalah panorama alam yang memukau dan aktivitas paralayang yang menegangkan. Dari atas bukit, pengunjung dapat menikmati pemandangan hutan yang hijau dan luas, serta matahari yang terbenam di balik awan. Selain itu, pengunjung juga dapat menjajal aktivitas paralayang yang dipandu oleh instruktur berpengalaman. Aktivitas ini akan membuat pengunjung merasa seperti melayang di atas awan, menikmati pemandangan yang menakjubkan dari ketinggian. Selain paralayang, pengunjung juga dapat menikmati berbagai fasilitas yang tersedia, seperti tempat makan, tempat beristirahat, dan toilet.

Suasana di Skyland Paralayang sangatlah nyaman dan alami, karena destinasi ini terletak di tengah hutan. Suasana yang tenang dan damai akan membuat pengunjung merasa seperti di alam liar. Selain itu, pengunjung juga dapat menikmati udara yang segar dan bersih, karena destinasi ini terletak di atas bukit yang memiliki ketinggian cukup tinggi. Aktivitas yang bisa dilakukan di Skyland Paralayang antara lain melihat-lihat pemandangan alam, berfoto-foto di spot-spot yang menarik, dan menjajal aktivitas paralayang. Selain itu, pengunjung juga dapat memanfaatkan fasilitas yang tersedia, seperti tempat makan, tempat beristirahat, dan toilet. Dengan demikian, pengunjung dapat menikmati waktu liburan mereka dengan maksimal di Skyland Paralayang.",assets/images/45.png,"Skyland Paralayang Panorama Panorama Jember Area Hutan, Tj. Rejo, Kec. Wuluhan, Kabupaten Jember, Jawa Timur 68162 Skyland Paralayang di Wuluhan menyajikan area paralayang dengan spot peluncuran, pemandangan bukit & laut, dan pengalaman udara bagi pengunjung adventure.",skyland paralayang panorama panorama jember area hutan tj rejo kec wuluhan kabupaten jember jawa timur skyland paralayang wuluhan menyajikan area paralayang spot peluncuran pemandangan bukit laut pengalaman udara pengunjung adventure,-8.3245,113.6214,07:00,17:00,[Unverified],[Unverified],[Unverified],Rp 10.000,Google Maps,2026-07-20,Tidak ada data
46,Kampung Wisata Tanoker Ledokombo,Rural Tourism,Jember,"Jl. Kantor Polisi, Simpang Tiga, Pasar, Ledokombo, Kec. Ledokombo, Kabupaten Jember, Jawa Timur 68196","Kampung Wisata Tanoker Ledokombo merupakan destinasi wisata rural yang terletak di Jember, Jawa Timur, yang menawarkan pengalaman unik dan autentik bagi pengunjung. Terletak di Jl. Kantor Polisi, Simpang Tiga, Pasar, Ledokombo, Kec. Ledokombo, Kabupaten Jember, Jawa Timur 68196, kampung wisata ini menarik perhatian dengan keaslian dan keindahan alamnya. Suasana yang damai dan nyaman membuat pengunjung merasa seperti berada di kampung halaman sendiri. Pemandangan alam yang indah, dengan pohon-pohon rindang dan sawah hijau, membuat suasana menjadi sangat menyenangkan.

Di Kampung Wisata Tanoker Ledokombo, pengunjung dapat menikmati berbagai aktivitas yang menarik dan menyenangkan. Pengunjung dapat berjalan-jalan sekeliling kampung dan menikmati keindahan alam sekitar, atau bahkan bergabung dengan warga lokal dalam kegiatan sehari-hari seperti menanam padi, memancing, atau bahkan memasak bersama. Selain itu, pengunjung juga dapat menikmati berbagai kuliner khas Jember, seperti nasi goreng, gado-gado, atau bahkan es teler. Kampung wisata ini juga menyediakan fasilitas yang lengkap, seperti rumah makan, warung kopi, dan bahkan penginapan untuk pengunjung yang ingin menginap. Dengan demikian, pengunjung dapat merasakan pengalaman yang autentik dan menyenangkan di Kampung Wisata Tanoker Ledokombo.

Salah satu daya tarik utama Kampung Wisata Tanoker Ledokombo adalah kesempatan untuk berinteraksi dengan warga lokal dan belajar tentang budaya dan tradisi Jember. Pengunjung dapat belajar tentang cara menanam padi, memancing, atau bahkan membuat kerajinan dari bahan-bahan lokal. Selain itu, pengunjung juga dapat menikmati berbagai pertunjukan budaya, seperti tarian tradisional atau bahkan pertunjukan seni rupa. Dengan demikian, pengunjung dapat merasakan pengalaman yang unik dan autentik di Kampung Wisata Tanoker Ledokombo, yang membuat mereka tidak akan pernah melupakan pengalaman tersebut.",assets/images/46.png,"Kampung Wisata Tanoker Ledokombo Rural Tourism Rural Tourism Jember Jl. Kantor Polisi, Simpang Tiga, Pasar, Ledokombo, Kec. Ledokombo, Kabupaten Jember, Jawa Timur 68196 Kampung Wisata Tanoker Ledokombo adalah desa wisata kreatif di Ledokombo dengan kegiatan lokal seperti kerajinan tangan, budaya, kuliner, dan interaksi komunitas lokal.",kampung wisata tanoker ledokombo rural tourism rural tourism jember jl kantor polisi simpang tiga pasar ledokombo kec ledokombo kabupaten jember jawa timur kampung wisata tanoker ledokombo desa wisata kreatif ledokombo kegiatan lokal kerajinan tangan budaya kuliner interaksi komunitas lokal,-8.1378,113.8967,08:00,16:00,[Unverified],[Unverified],[Unverified],Rp 15.000,Situs Resmi Wisata Ledokombo,2026-07-20,Tidak ada data
47,Desa Adat Arjasa,Rural Tourism,Jember,"Jl. Rengganis No.1, Bendelan, Arjasa, Kec. Arjasa, Kabupaten Jember, Jawa Timur 68121","Desa Adat Arjasa, sebuah destinasi wisata rural yang menawarkan pengalaman unik dan autentik bagi pengunjung. Berlokasi di Jl. Rengganis No.1, Bendelan, Arjasa, Kec. Arjasa, Kabupaten Jember, Jawa Timur 68121, desa ini menampilkan keindahan alam dan kebudayaan tradisional yang masih terjaga dengan baik. Suasana di Desa Adat Arjasa sangat menenangkan, dengan udara yang segar dan pemandangan alam yang hijau dan sejuk. Anda dapat merasakan suasana yang asri dan alami, jauh dari kehiseran kota.

Selama di Desa Adat Arjasa, Anda dapat melakukan berbagai aktivitas menarik. Anda dapat mengunjungi rumah-rumah adat yang masih terjaga dengan baik, dan melihat langsung bagaimana masyarakat desa hidup dan bekerja. Anda juga dapat mengikuti workshop atau pelatihan tradisional, seperti pembuatan kerajinan tangan, kuliner tradisional, atau bahkan belajar bermain alat musik tradisional. Selain itu, Anda dapat berjalan-jalan di sekitar desa dan menikmati keindahan alam sekitar, seperti sawah, kebun, dan hutan. Anda juga dapat mengunjungi tempat-tempat wisata lainnya di sekitar desa, seperti air terjun, sungai, dan pantai. Desa Adat Arjasa juga menawarkan pengalaman penginapan yang autentik, dengan menyediakan rumah-rumah adat yang dapat dipajaki dan mengalami kehidupan masyarakat desa secara langsung.

Desa Adat Arjasa juga menawarkan pengalaman kuliner yang lezat dan autentik, dengan menyediakan hidangan-hidangan tradisional yang dibuat oleh masyarakat desa sendiri. Anda dapat menikmati hidangan-hidangan seperti nasi goreng, gado-gado, dan lain-lain, yang dibuat dengan bahan-bahan segar dan alami. Selain itu, Anda juga dapat membeli kerajinan tangan dan oleh-oleh tradisional di toko-toko yang berada di sekitar desa. Desa Adat Arjasa adalah destinasi wisata rural yang sangat cocok untuk Anda yang ingin merasakan kehidupan masyarakat desa secara langsung dan menikmati keindahan alam yang masih terjaga dengan baik.",assets/images/47.png,"Desa Adat Arjasa Rural Tourism Rural Tourism Jember Jl. Rengganis No.1, Bendelan, Arjasa, Kec. Arjasa, Kabupaten Jember, Jawa Timur 68121 Desa Adat Arjasa adalah pusat budaya lokal dengan rumah adat, kesenian tradisional, ritual lokal, dan kehidupan masyarakat yang mencerminkan warisan budaya Arjasa.",desa adat arjasa rural tourism rural tourism jember jl rengganis no bendelan arjasa kec arjasa kabupaten jember jawa timur desa adat arjasa pusat budaya lokal rumah adat kesenian tradisional ritual lokal kehidupan masyarakat mencerminkan warisan budaya arjasa,-8.1121,113.7354,08:00,16:00,[Unverified],[Unverified],[Unverified],Rp 0,Google Maps,2026-07-20,Tidak ada data
48,Desa Budaya Klungkung,Rural Tourism,Jember,"Desa Klungkung, Kecamatan Sukorambi","Desa Budaya Klungkung di Jember menawarkan pengalaman wisata rural yang unik dan menenangkan. Terletak di Kecamatan Sukorambi, desa ini menampilkan suasana pedesaan yang asri dan alami, dengan pemandangan sawah, kebun, dan gunung yang hijau. Ketika Anda memasuki desa ini, Anda akan merasakan suasana yang tenang dan damai, terpisah dari kerumunan kota.

Di Desa Budaya Klungkung, Anda dapat menikmati berbagai aktivitas yang menarik dan edukatif. Salah satu kegiatan utama adalah mengunjungi rumah-rumah adat dan menikmati tradisi lokal. Anda dapat melihat langsung bagaimana masyarakat desa menjalankan kehidupan sehari-hari, dari pertanian hingga kerajinan tangan. Selain itu, Anda juga dapat mencoba berbagai kegiatan seperti mengikuti pelatihan kuliner, mengunjungi pasar tradisional, atau bahkan mengikuti workshop kerajinan tangan. Desa ini juga menawarkan paket tur yang lengkap, termasuk mengunjungi situs-situs sejarah dan budaya yang penting, seperti Situs Megalitikum dan Candi Jajag. Dengan demikian, Anda dapat memahami lebih dalam tentang kebudayaan dan sejarah Jember, serta mendapatkan pengalaman yang tak terlupakan.

Desa Budaya Klungkung juga menawarkan pengalaman alam yang menarik, seperti mengunjungi Hutan Wisata Sukorambi dan menikmati keindahan alamnya. Anda dapat berjalan-jalan di hutan yang lembah dan menikmati keindahan alam yang asri. Selain itu, Anda juga dapat mencoba aktivitas seperti berenang di danau, bersepeda di jalan berbatu, atau bahkan mengikuti kelas yoga di alam. Dengan demikian, Anda dapat memadukan kegiatan yang menenangkan dengan kegiatan yang ekstrem, sehingga Anda dapat merasakan pengalaman yang seimbang dan menyenangkan.",assets/images/48.png,"Desa Budaya Klungkung Rural Tourism Rural Tourism Jember Desa Klungkung, Kecamatan Sukorambi Desa Budaya Klungkung mengusung tema pelestarian budaya lokal, dengan aktivitas budaya, pertunjukan seni, rumah tradisional, serta program edukasi untuk pengunjung.",desa budaya klungkung rural tourism rural tourism jember desa klungkung kecamatan sukorambi desa budaya klungkung mengusung tema pelestarian budaya lokal aktivitas budaya pertunjukan seni rumah tradisional program edukasi pengunjung,-8.1132,113.6334,08:00,16:00,[Unverified],[Unverified],[Unverified],Rp 0,Google Maps,2026-07-20,Tidak ada data
49,Desa Wisata Kemiri,Rural Tourism,Jember,"Delima, Kemiri, Kec. Panti, Kabupaten Jember, Jawa Timur 68153","Desa Wisata Kemiri merupakan destinasi wisata rural yang terletak di Delima, Kemiri, Kecamatan Panti, Kabupaten Jember, Jawa Timur. Terletak di tengah-tengah pedesaan yang masih asri dan alami, Desa Wisata Kemiri menawarkan pengalaman wisata yang unik dan menenangkan. Suasana di desa ini sangat santai dan damai, dengan pemandangan sawah hijau dan perbukitan yang menjulang tinggi.

Ketika Anda tiba di Desa Wisata Kemiri, Anda akan disambut dengan pemandangan alam yang indah dan beragam. Anda dapat menikmati keindahan sawah hijau yang dibagi-bagi menjadi beberapa bagian, dengan air yang mengalir di atasnya. Udara di desa ini sangat sejuk dan segar, dengan suhu yang tidak terlalu panas atau dingin. Anda dapat menikmati keindahan alam ini dengan berjalan-jalan di sekitar desa, atau dengan menaiki perahu untuk menikmati pemandangan dari atas. Selain itu, Anda juga dapat menikmati kegiatan-kegiatan tradisional seperti pertanian, peternakan, dan perikanan. Anda dapat belajar tentang cara-cara tradisional yang digunakan oleh masyarakat setempat untuk mengolah tanah, memelihara hewan, dan menangkap ikan.

Di Desa Wisata Kemiri, Anda juga dapat menikmati berbagai macam aktivitas yang menarik. Anda dapat berjalan-jalan di sekitar desa dan mengeksplorasi keindahan alamnya, atau Anda dapat menikmati kegiatan-kegiatan seperti bersepeda, berjalan kaki, atau berkebun. Anda juga dapat menikmati kegiatan-kegiatan budaya seperti menonton pertunjukan tradisional, belajar tentang cara-cara tradisional, atau bahkan mengikuti kelas-kelas yang tersedia di desa. Selain itu, Anda juga dapat menikmati kuliner-kuliner tradisional yang lezat dan segar, seperti gudeg, sate, atau es teler. Dengan demikian, Desa Wisata Kemiri menawarkan pengalaman wisata yang unik, menenangkan, dan menyenangkan untuk Anda.",assets/images/49.png,"Desa Wisata Kemiri Rural Tourism Rural Tourism Jember Delima, Kemiri, Kec. Panti, Kabupaten Jember, Jawa Timur 68153 Desa Wisata Kemiri adalah desa wisata di Panti yang menawarkan pengalaman kehidupan pedesaan, seni lokal, alam perbukitan, dan aktivitas seperti bertani, kerajinan lokal, atau kuliner desa",desa wisata kemiri rural tourism rural tourism jember delima kemiri kec panti kabupaten jember jawa timur desa wisata kemiri desa wisata panti menawarkan pengalaman kehidupan pedesaan seni lokal alam perbukitan aktivitas bertani kerajinan lokal kuliner desa,-8.1145,113.6877,08:00,16:00,[Unverified],[Unverified],[Unverified],Rp 0,Google Maps,2026-07-20,Tidak ada data
50,Desa Wisata Dukuh Dempok,Rural Tourism,Jember,"Desa Dukuh Dempok, Kecamatan Wuluhan","Desa Wisata Dukuh Dempok di Jember merupakan destinasi wisata rural yang menawarkan pengalaman unik bagi pengunjung. Terletak di Kecamatan Wuluhan, desa ini merupakan salah satu contoh desa wisata yang sukses di Indonesia. Dengan luas wilayah sekitar 6,5 kilometer persegi, Desa Wisata Dukuh Dempok menawarkan suasana yang sejuk dan asri, dengan pemandangan alam yang hijau dan indah.

Pemandangan alam yang menakjubkan adalah salah satu daya tarik utama Desa Wisata Dukuh Dempok. Pengunjung dapat menikmati pemandangan sawah yang luas, perkebunan kopi dan cengkeh, serta kebun buah yang segar. Desa ini juga menawarkan suasana yang tenang dan damai, dengan penduduk setempat yang ramah dan mengundang. Selain itu, pengunjung juga dapat menikmati keindahan alam seperti gunung dan lembah yang terbentang luas. Aktivitas yang dapat dilakukan di Desa Wisata Dukuh Dempok antara lain berjalan-jalan di sekitar desa, menikmati pemandangan alam, mengunjungi rumah-rumah penduduk, serta menyusuri jalan-jalan yang menawarkan pemandangan yang indah.

Selain itu, Desa Wisata Dukuh Dempok juga menawarkan berbagai kegiatan yang dapat dilakukan oleh pengunjung. Kegiatan-kegiatan tersebut meliputi wisata petik buah, wisata petik sayuran, serta kegiatan-kegiatan tradisional seperti pembuatan kerajinan tangan dan memasak tradisional. Desa ini juga menawarkan pengalaman menginap di rumah-rumah penduduk, yang dapat memberikan pengunjung kesan yang luar biasa tentang kehidupan sehari-hari masyarakat setempat. Dengan demikian, Desa Wisata Dukuh Dempok menjadi destinasi wisata yang ideal bagi mereka yang ingin menikmati suasana alam yang sejuk dan asri, serta pengalaman yang unik dan berkesan.",assets/images/50.png,"Desa Wisata Dukuh Dempok Rural Tourism Rural Tourism Jember Desa Dukuh Dempok, Kecamatan Wuluhan Desa Wisata Dukuh Dempok di Wuluhan menghadirkan suasana pedesaan asri, aktivitas tani, panorama alam, dan interaksi budaya khas masyarakat lokal.",desa wisata dukuh dempok rural tourism rural tourism jember desa dukuh dempok kecamatan wuluhan desa wisata dukuh dempok wuluhan menghadirkan suasana pedesaan asri aktivitas tani panorama alam interaksi budaya khas masyarakat lokal,-8.3245,113.6234,08:00,16:00,[Unverified],[Unverified],[Unverified],Rp 0,Google Maps,2026-07-20,Tidak ada data
51,Museum Huruf,Edukasi,Jember,"Jl. Bengawan Solo No.27, Tegal Boto Lor, Sumbersari, Kec. Sumbersari, Kabupaten Jember, Jawa Timur 68121","Museum Huruf di Jember adalah destinasi wisata edukasi yang menarik serta menantang untuk dikunjungi. Terletak di Jl. Bengawan Solo No.27, Tegal Boto Lor, Sumbersari, Kec. Sumbersari, Kabupaten Jember, Jawa Timur 68121, museum ini menawarkan pengalaman unik dengan ruang pameran yang luas dan menarik. Anda bisa memasuki museum ini dengan berjalan kaki dari jalan utama, dan kemudian Anda akan disambut oleh suasana yang tenang dan damai. Bangunan museum ini dirancang dengan gaya modern yang sederhana namun elegan, sehingga memberikan kesan yang seimbang dan elegan.

Dalam Museum Huruf, Anda akan menemukan koleksi huruf dari berbagai bahasa dan negara yang diatur dengan rapi dan terorganisir secara sistematis. Salah satu hal yang paling menarik adalah ruang pameran yang menampilkan contoh-contoh huruf dari berbagai jenis tinta, ukiran, dan teknik pembuatan huruf yang unik. Anda bisa melihat secara dekat bagaimana huruf-huruf tersebut dibuat dan bagaimana mereka dapat digunakan dalam berbagai konteks. Selain itu, museum ini juga menawarkan berbagai aktivitas edukatif seperti workshop dan seminar yang diadakan secara teratur untuk mempelajari dan memahami lebih dalam tentang dunia huruf dan penulisan.

Selain ruang pameran dan aktivitas edukatif, Museum Huruf di Jember juga menawarkan berbagai fasilitas lainnya seperti ruang pertemuan dan ruang konferensi yang dapat digunakan untuk berbagai keperluan. Anda bisa menghabiskan waktu lebih lama di museum ini dengan berjalan-jalan di sekitar kompleks dan menikmati pemandangan alam sekitar yang asri dan hijau. Dengan demikian, Museum Huruf di Jember dapat menjadi destinasi wisata edukasi yang sangat menarik dan berharga untuk dikunjungi, terutama bagi mereka yang tertarik dengan dunia huruf dan penulisan.",assets/images/51.png,"Museum Huruf Edukasi Edukasi Jember Jl. Bengawan Solo No.27, Tegal Boto Lor, Sumbersari, Kec. Sumbersari, Kabupaten Jember, Jawa Timur 68121 Museum Huruf di Jember adalah tempat edukatif yang menampilkan koleksi alfabet, aksara Nusantara, alat cetak huruf tradisional, dan sejarah tulisan di Indonesia. Cocok untuk pelajar, penggemar bahasa, dan wisata budaya.",museum huruf edukasi edukasi jember jl bengawan solo no tegal boto lor sumbersari kec sumbersari kabupaten jember jawa timur museum huruf jember tempat edukatif menampilkan koleksi alfabet aksara nusantara alat cetak huruf tradisional sejarah tulisan indonesia cocok pelajar penggemar bahasa wisata budaya,-8.1725,113.6938,09:00,15:00,[Unverified],[Unverified],[Unverified],Rp 0,Situs Resmi Museum,2026-07-20,Tidak ada data
52,Museum Tembakau,Edukasi,Jember,"Jl. Kalimantan No.1, Krajan Timur, Sumbersari, Kec. Sumbersari, Kabupaten Jember, Jawa Timur 68121","Museum Tembakau di Jember merupakan salah satu destinasi wisata edukasi yang sangat menarik dan informatif di Jawa Timu. Terletak di Jl. Kalimantan No.1, Krajan Timur, Sumbersari, Kec. Sumbersari, Kabupaten Jember, Jawa Timur 68121, museum ini menawarkan pengalaman belajar yang menyenangkan dan interaktif bagi pengunjung. Suasana di dalam museum sangat nyaman dan tenang, dengan interior yang modern dan minimalis. Pemandangan di sekitar museum juga sangat indah, dengan taman yang luas dan hijau yang menyediakan tempat untuk beristirahat dan menikmati udara segar.

Di dalam museum, pengunjung dapat menikmati koleksi tembakau yang luas dan beragam, dari jenis-jenis tembakau yang langka hingga alat-alat tradisional yang digunakan untuk mengolah tembakau. Museum juga menawarkan berbagai aktivitas edukatif yang bisa dilakukan, seperti penelitian dan pengenalan tentang sejarah, teknologi, dan kegunaan tembakau. Pengunjung dapat melakukan simulasi pengolahan tembakau dari biji hingga produk akhir, serta melihat langsung proses pembuatan rokok, sirup tembakau, dan produk lainnya. Selain itu, museum juga menyediakan ruang kuliah dan ruang pertemuan yang dapat digunakan untuk kegiatan belajar dan diskusi.

Museum Tembakau di Jember juga menawarkan berbagai fasilitas yang memadai, seperti ruang parkir yang luas, toko souvenir, dan kafe yang menyediakan minuman dan makanan. Pengunjung juga dapat menikmati berbagai even dan kegiatan yang diselenggarakan oleh museum, seperti pameran tembakau, workshop, dan festival tembakau. Dengan demikian, Museum Tembakau di Jember menjadi salah satu destinasi wisata edukasi yang sangat menarik dan informatif di Jawa Timur, yang dapat memberikan pengalaman belajar yang menyenangkan dan interaktif bagi pengunjung.",assets/images/52.png,"Museum Tembakau Edukasi Edukasi Jember Jl. Kalimantan No.1, Krajan Timur, Sumbersari, Kec. Sumbersari, Kabupaten Jember, Jawa Timur 68121 Museum Tembakau memaparkan sejarah tembakau di Jember, proses produksi, jenis varietas, alat pengolahan tembakau, dan perannya dalam ekonomi lokal. Tempat yang menarik bagi yang ingin memahami warisan tembakau Jember.",museum tembakau edukasi edukasi jember jl kalimantan no krajan timur sumbersari kec sumbersari kabupaten jember jawa timur museum tembakau memaparkan sejarah tembakau jember proses produksi jenis varietas alat pengolahan tembakau perannya dalam ekonomi lokal tempat menarik ingin memahami warisan tembakau jember,-8.1741,113.7058,08:00,16:00,[Unverified],[Unverified],[Unverified],Rp 0,Situs Resmi Museum,2026-07-20,Tidak ada data
53,Museum Boemi Poeger,Edukasi,Jember,"Rt. 05 Rw. 06 Dsn Krajan Ds, Ponjen, Kencong, Kec. Kencong, Kabupaten Jember, Jawa Timur 68167","Museum Boemi Poeger, sebuah destinasi wisata edukasi yang terletak di Rt. 05 Rw. 06 Dsn Krajan Ds, Ponjen, Kencong, Kec. Kencong, Kabupaten Jember, Jawa Timur 68167, menawarkan pengalaman wisata yang unik dan menarik. Museum ini didedikasikan untuk mengenang dan menghormati peran Boemi Poeger, seorang tokoh yang telah berkontribusi besar dalam perjuangan kemerdekaan Indonesia.

Suasana di Museum Boemi Poeger sangat santai dan nyaman, dengan lingkungan yang asri dan hijau. Pemandangan sekitar museum yang indah, dengan perbukitan hijau yang membentang di sekitar. Museum ini memiliki koleksi benda-benda bersejarah yang sangat lengkap, termasuk foto-foto, dokumen-dokumen, dan benda-benda lainnya yang terkait dengan perjuangan kemerdekaan Indonesia. Selain itu, museum juga menyediakan ruang ekspresi yang dapat digunakan untuk mengadakan acara-acara budaya dan edukasi. Wisatawan dapat dengan mudah menavigasi museum dan menikmati koleksi-koleksinya dengan menggunakan peta museum yang disediakan.

Aktivitas di Museum Boemi Poeger sangat beragam, sehingga wisatawan dapat memilih aktivitas yang sesuai dengan minat dan kebutuhan mereka. Wisatawan dapat melakukan tur museum, melihat koleksi-koleksinya, dan mempelajari sejarah dan informasi tentang perjuangan kemerdekaan Indonesia. Selain itu, museum juga menyediakan fasilitas-fasilitas seperti ruang konferensi, ruang pertemuan, dan ruang ekspresi, sehingga wisatawan dapat menggunakan fasilitas-fasilitas tersebut untuk mengadakan acara-acara budaya dan edukasi. Museum Boemi Poeger juga memiliki restoran yang menyediakan makanan dan minuman yang lezat dan nyaman. Dengan demikian, Museum Boemi Poeger menjadi destinasi wisata edukasi yang sangat menarik dan wajib dikunjungi.",assets/images/53.png,"Museum Boemi Poeger Edukasi Edukasi Jember Rt. 05 Rw. 06 Dsn Krajan Ds, Ponjen, Kencong, Kec. Kencong, Kabupaten Jember, Jawa Timur 68167 Museum Boemi Poeger adalah museum budaya dan sejarah di Kencong yang mengoleksi artefak, dokumen lokal, pameran sejarah kota Jember, serta warisan budaya masyarakat.",museum boemi poeger edukasi edukasi jember rt rw dsn krajan ds ponjen kencong kec kencong kabupaten jember jawa timur museum boemi poeger museum budaya sejarah kencong mengoleksi artefak dokumen lokal pameran sejarah kota jember warisan budaya masyarakat,-8.2812,113.3644,08:00,15:00,[Unverified],[Unverified],[Unverified],Rp 0,Google Maps,2026-07-20,Tidak ada data
54,Kampoeng Creative JFC,Edukasi,Jember,"Jl. Bondowoso - Jember Krajan No.46, Krajan, Arjasa, Kec. Arjasa, Kabupaten Jember, Jawa Timur 68191","Kampoeng Creative JFC merupakan sebuah destinasi wisata edukasi yang terletak di Jl. Bondowoso - Jember Krajan No.46, Krajan, Arjasa, Kec. Arjasa, Kabupaten Jember, Jawa Timur 68191. Lokasi yang strategis dan unik ini menawarkan pengalaman wisata yang tak terlupakan bagi pengunjung dari berbagai usia dan latar belakang. Kampoeng Creative JFC dirancang untuk menjadi sebuah pusat kreativitas yang menyajikan pengalaman belajar dan bermain sekaligus, dengan konsep yang menarik dan informatif.

Suasana di Kampoeng Creative JFC sangat menenangkan dan menyegarkan. Bangunan yang dirancang unik dengan atap yang terbuat dari jerami dan dinding yang terbuat dari kayu, serta taman yang hijau dan asri, membuat pengunjung merasa seperti berada di sebuah desa tradisional yang nyaman. Pemandangan sekitar juga sangat menarik, dengan pohon-pohon hijau yang rindang dan sungai yang mengalir dengan lembut. Selain itu, pengunjung juga dapat menikmati pemandangan yang menakjubkan dari pagi hingga malam, dengan matahari yang terbit dan terbenam dengan indah.

Aktivitas yang dapat dilakukan di Kampoeng Creative JFC sangat beragam dan menarik. Pengunjung dapat belajar tentang berbagai macam keterampilan, seperti memasak, menenun, dan menggambar, dengan bantuan dari instruktur yang berpengalaman. Selain itu, pengunjung juga dapat bermain dengan berbagai macam permainan yang menyenangkan, seperti permainan tradisional dan permainan kreatif. Kampoeng Creative JFC juga menyediakan fasilitas yang lengkap, seperti ruang makan, ruang istirahat, dan toilet yang bersih dan nyaman. Dengan demikian, pengunjung dapat menikmati pengalaman wisata yang tak terlupakan dan edukatif di Kampoeng Creative JFC.",assets/images/54.png,"Kampoeng Creative JFC Edukasi Edukasi Jember Jl. Bondowoso - Jember Krajan No.46, Krajan, Arjasa, Kec. Arjasa, Kabupaten Jember, Jawa Timur 68191 Kampoeng Creative JFC (Jember Fashion Carnival) adalah ruang kreatif di Arjasa yang sering menjadi pusat aktivitas seni, workshop, panggung kreatif, pameran budaya, dan tempat berkembangnya komunitas seni lokal.",kampoeng creative jfc edukasi edukasi jember jl bondowoso jember krajan no krajan arjasa kec arjasa kabupaten jember jawa timur kampoeng creative jfc jember fashion carnival ruang kreatif arjasa sering menjadi pusat aktivitas seni workshop panggung kreatif pameran budaya tempat berkembangnya komunitas seni lokal,-8.1402,113.7225,08:00,16:00,[Unverified],[Unverified],[Unverified],Rp 0,Google Maps,2026-07-20,Tidak ada data
55,Museum Juang Sroedji Sudut Kalisat,Edukasi,Jember,"Desa Kalisat,Kecamatan Kalisat","Museum Juang Sroedji Sudut Kalisat, sebuah destinasi wisata edukasi yang terletak di Desa Kalisat, Kecamatan Kalisat, Jember. Lokasinya yang berada di tengah-tengah pedesaan membuat museum ini menawarkan suasana yang tenang dan damai, sehingga sangat cocok untuk dikunjungi oleh keluarga maupun wisatawan yang ingin menambah pengetahuan tentang sejarah dan budaya. Bangunan museum ini sendiri memiliki arsitektur yang sederhana namun unik, dengan dinding yang terbuat dari batu alami dan atap yang berbentuk seperti genteng tradisional.

Museum Juang Sroedji Sudut Kalisat memiliki daya tarik utama yaitu koleksi barang-barang sejarah dan budaya yang sangat lengkap dan autentik. Di dalam museum, Anda dapat melihat peralatan tradisional, senjata rakyat, dan bahkan kostum adat yang masih dipakai hingga saat ini. Selain itu, museum juga memiliki ruang pamer yang menampilkan sejarah perjuangan rakyat Kalisat melawan penjajah, sehingga pengunjung dapat merasakan spirit heroisme dan keberanian yang dimiliki oleh para pahlawan. Suasana di dalam museum sangat kondusif, sehingga pengunjung dapat menikmati informasi yang disajikan dengan lebih baik. Selain itu, museum juga menyediakan fasilitas seperti ruang pertunjukan dan ruang kuliner, sehingga pengunjung dapat menikmati pertunjukan budaya dan kuliner lokal.

Aktivitas yang dapat dilakukan di Museum Juang Sroedji Sudut Kalisat sangatlah beragam. Selain menikmati koleksi barang-barang sejarah dan budaya, pengunjung juga dapat mengikuti workshop dan pelatihan tentang kerajinan tangan, musik tradisional, dan bahkan bahasa daerah. Selain itu, museum juga menyediakan fasilitas seperti perpustakaan dan ruang studi, sehingga pengunjung dapat melakukan penelitian dan studi lebih lanjut tentang sejarah dan budaya Kalisat. Dengan demikian, pengunjung dapat meningkatkan pengetahuan dan wawasan tentang budaya dan sejarah Kalisat, serta dapat menikmati suasana yang sangat kondusif dan damai.",assets/images/55.png,"Museum Juang Sroedji Sudut Kalisat Edukasi Edukasi Jember Desa Kalisat,Kecamatan Kalisat Museum Juang Sroedji di Kalisat adalah museum perjuangan yang memuat cerita lokal, memorabilia perjuangan kemerdekaan, foto, artefak, dan narasi tokoh pergerakan di Jember.",museum juang sroedji sudut kalisat edukasi edukasi jember desa kalisat kecamatan kalisat museum juang sroedji kalisat museum perjuangan memuat cerita lokal memorabilia perjuangan kemerdekaan foto artefak narasi tokoh pergerakan jember,-8.1256,113.8056,08:00,15:00,[Unverified],[Unverified],[Unverified],Rp 0,Google Maps,2026-07-20,Tidak ada data
